BlockForm_Title#0,"""블록 이동"""
BlockForm_Title2#0,"""블록 설명"""
BlockForm_MyRoom#0,"""내 마이 룸으로 이동"""
BlockForm_GuildRoom#0,"""소속된 팀 룸으로 이동"""
BlockForm_ClassicBlock#0,"""『PSO2』 블록으로 이동"""
BlackForm_Cancel#0,"""뒤로"""
BlackForm_Explanation#0,"""설명"""
BlackForm_PremiumSpace#0,"""프리미엄 스페이스"""
BlockForm_Move_Exp#0,"""블록 이동을 하면<br>수주 중인 퀘스트가 파기됩니다.<br><br>또한 퀘스트를 받고 있을 경우<br>퀘스트 내에서 얻을 수 있는 효과도<br>사라집니다."""
BlockForm_Classic_Exp#0,"""블록을 이동하면 참가중인<br>파티에서 자동으로 탈퇴되고<br>수주중인 퀘스트도 파기됩니다.<br><br>또한 퀘스트를 받았을 경우<br>퀘스트 안에서 얻을 수 있는 효과도<br>사라집니다."""
BlockForm_MyRoom_Exp#0,"""마이 룸으로 이동하시겠습니까?"""
BlockForm_GuildRoom_Exp#0,"""팀 룸으로 이동하시겠습니까?"""
BlockForm_Move_Que#0,"""$(0)으로 이동하시겠습니까?"""
BlockForm_Classic_Que#0,"""『PSO2』블록으로 이동하시겠습니까?"""
BlockForm_BlockName#0,"""대상 블록"""
BlockForm_Error_Full#0,"""선택하신 블록은 혼잡하기 때문에<br>들어갈 수 없습니다."""
BlockForm_Error_NotFound#0,"""선택하신 블록을 찾지 못했습니다.<br><br>[No.1000］"""
BlockForm_Error_Unknown#0,"""선택하신 블록은 오류로 인해<br>들어갈 수 없습니다.<br><br>[No.1001］"""
BlockForm_Error_Default#0,"""선택하신 블록은 알 수 없는 오류로 인해<br>들어갈 수 없습니다.<br><br>[No.1002］"""
BlockForm_Error_Premium#0,"""프리미엄 세트 유효기간중에만<br>이동 가능한 블록입니다.<br>이용권이 없으시거나<br>이용 기한이 다 되어<br>이동할 수 없습니다.<br><br>[No.1003］"""
BlockForm_Error_Platform#0,"""사용하시는 플랫폼에서는<br>이동할 수 없는 블록입니다.<br><br>[No.1004］"""
BlockForm_PublicShip#0,"""공용 쉽으로 이동"""
BlockForm_PublicShip_Poka#0,"""공용 쉽 배틀 로비로 이동"""
BlockForm_PublicShip_Challenge#0,"""공용 쉽 챌린지 로비로 이동"""
BlockForm_PokaLobby#0,"""배틀 로비로 이동"""
BlockForm_ChallengeLobby#0,"""챌린지 로비로 이동"""
BlockForm_MyShip#0,"""소속 쉽으로 이동"""
BlockForm_PublicShip_Exp#0,"""공용 쉽으로 이동하시면 참가 중인<br>파티에서 자동으로 이탈되어<br>수주 중인 퀘스트도 파기됩니다.<br><br>또한 퀘스트 수주 중일 경우<br>퀘스트 안에서 얻을 수 있는 효과도<br>사라집니다.<br><br>공용 쉽으로 이동하시겠습니까?"""
BlockForm_PublicShip_Exp_TriggerQuest#0,"""<yellow>트리거 퀘스트를 수주중입니다!<c><br><br>공용 쉽으로 이동하면 파티에서<br>자동으로 이탈되어 멀티 파티를 포함한<br><yellow>퀘스트 참가자 전원이 퀘스트 파기가 됩니다.<c><br>※트리거 퀘스트 재수주 가능 시간<br>\u3000또는 횟수가 남아있을 경우에 한합니다.<br><br>또한 퀘스트 안에서 얻을 수 있는 효과도<br>모두 사라집니다.<br><br><red>퀘스트를 개시하기 위해 소모한<br>메세타 아이템은 반환되지 않으므로<br>트러블의 원인이 될 가능성이 있습니다.<br>주의해주십시오.<c><br><br>공용 쉽으로 이동하시겠습니까?"""
BlockForm_MyShip_Exp#0,"""소속 쉽으로 이동하시면 참가중이신<br>파티에서 자동적으로 이탈되어<br>수주 중인 퀘스트도 파기됩니다.<br><br>또한 퀘스트 수주 중일 경우<br>퀘스트 안에서 얻을 수 있는 효과도<br>사라집니다.<br><br>소속 쉽으로 이동하시겠습니까?"""
BlockForm_MyShip_Exp_TriggerQuest#0,"""<yellow>트리거 퀘스트를 수주중입니다!<c><br><br>소속 쉽으로 이동하면 파티에서<br>자동으로 이탈되어 멀티 파티를 포함한<br><yellow>퀘스트 참가자 전원이 퀘스트 파기가 됩니다.<c><br>※트리거 퀘스트 재수주 가능 시간<br>\u3000또는 횟수가 남아있을 경우에 한합니다.<br><br>또한 퀘스트 안에서 얻을 수 있는 효과도<br>모두 사라집니다.<br><br><red>퀘스트를 개시하기 위해 소모한<br>메세타 아이템은 반환되지 않으므로<br>충돌의 원인이 될 가능성이 있습니다.<br>주의해주십시오.<c><br><br>소속 쉽으로 이동하시겠습니까?"""
BlockForm_Move_Exp_TriggerQuest#0,"""<yellow>트리거 퀘스트를 수주중입니다!<c><br><br>블록을 이동하면 파티에서<br>자동으로 이탈되어 멀티 파티를 포함한<br><yellow>퀘스트 참가자 전원이 퀘스트 파기가 됩니다.<c><br>※트리거 퀘스트 재수주 가능 시간<br>\u3000또는 횟수가 남아있을 경우에 한합니다.<br><br>또한 퀘스트 안에서 얻을 수 있는 효과도<br>모두 사라집니다.<br><br><red>퀘스트를 개시하기 위해 소모한<br>메세타 아이템은 반환되지 않으므로<br>충돌의 원인이 될 가능성이 있습니다.<br>주의해주십시오.<c>"""
BlockForm_ToMyShip_Exp#0,"""소속 쉽으로 이동하시면<br>매칭이 취소됩니다.<br><br>소속 쉽으로 이동하시겠습니까?"""
BlockForm_ToChallengeLobby_Exp#0,"""챌린지 로비로 이동하시면<br>매칭이 취소됩니다.<br><br>챌린지 로비로 이동하시겠습니까?"""
BlockForm_ToBattleLobby_Exp#0,"""배틀 로비로 이동하면 참가중인<br>파티에서 자동적으로 이탈되어<br>수주중인 퀘스트도 파기됩니다.<br><br>또한 퀘스트를 수주중일 경우<br>퀘스트 안에서 얻을 수 있는 효과도<br>사라집니다.<br><red>※모든 배틀 블록은 촬영이 가능합니다.<br>\u3000스트리밍에서 자신의 캐릭터가 노출될 수 있습니다.<c><br><br>배틀 로비로 이동하시겠습니까?"""
BlockForm_BattleLobbyToBattleLobby_Exp#0,"""배틀 블록을 이동하시면<br>매칭이 취소됩니다.<br><br>블록 이동을 하시겠습니까?"""
BlockForm_BattleLobbyToBattleLobby_Exp_NoMatching#0,"""다른 배틀 블록으로 이동합니다.<br>괜찮으십니까?<br><br><c c0c0c0>※배틀 아레나 매칭은<br>\u3000모든 블록을 대상으로 이뤄지기때문에<br>\u3000사람이 많은 블록으로 이동할 필요가 없습니다.<c>"""
AreaForm_BridgeArea_Exp#0,"""함교로 이동하시겠습니까?"""
AreaForm_CafeArea_Exp#0,"""프랑카's 카페로 이동하시겠습니까?"""
Bond_message#0,"""$(0)<br><br>$(1)"""
InPublicShipToast#0,"""일시적으로 공용 쉽 전용 상태로 전환했습니다."""
InChallengeShipToast#0,"""일시적으로 챌린지 쉽 전용 상태로 전환했습니다."""
InPokaShipToast#0,"""일시적으로 배틀 아레나 전용 상태로 전환했습니다."""
BlockForm_Move_Exp_HighLevelQuest#0,"""<red>수주중인 퀘스트는<br>「파기 패널티」대상입니다!<c><br><br>파기하시면 다른 플레이어에게 폐가 되기 때문에<br>발생중인 긴급 퀘스트는 재수주하실 수 없게 됩니다.<br>또한 강제적으로 다른 블록으로 이동하게 됩니다.<br><br>블록을 이동하시면 파티에서<br>자동적으로 이탈하고 수주중인 퀘스트가 파기됩니다."""
BlockForm_PublicShip_Exp_HighLevelQuest#0,"""<red>수주중인 퀘스트는<br>「파기 패널티」대상입니다!<c><br><br>파기하시면 다른 플레이어에게 폐가 되기 때문에<br>발생중인 긴급 퀘스트는 재수주하실 수 없게 됩니다.<br>또한 강제적으로 다른 블록으로 이동하게 됩니다.<br><br>공용 쉽으로 이동하시면 파티에서<br>자동적으로 이탈하고 수주중인 퀘스트가 파기됩니다.<br><br>「파기 패널티」를 받고 공용 쉽으로 이동합니다.<br>괜찮으십니까?"""
BlockForm_MyShip_Exp_HighLevelQuest#0,"""<red>수주중인 퀘스트는<br>「파기 패널티」대상입니다!<c><br><br>파기하시면 다른 플레이어에게 폐가 되기 때문에<br>발생중인 긴급 퀘스트는 재수주하실 수 없게 됩니다.<br>또한 강제적으로 다른 블록으로 이동하게 됩니다.<br><br>소속 쉽으로 이동하시면 파티에서<br>자동적으로 이탈하고 수주중인 퀘스트가 파기됩니다.<br><br>「파기 패널티」를 받고 소속 쉽으로 이동합니다.<br>괜찮으십니까?"""
BlockForm_Complete_Toast#0,"""$(0)으로 이동했습니다."""
BlockForm_GuideText#0,"""다른 블록이나 PSO2로 이동 할 수 있습니다."""
BlockForm_TutrialStart#0,"""『PSO2』블록에선<br>서장부터 시작합니다.<br><br>괜찮으시겠습니까?""
Class#0,"""클래스"""
Main#0,"""메인 클래스"""
Sub#0,"""서브 클래스"""
None#0,"""없음"""
Job00#0,"""헌터"""
Job01#0,"""레인저"""
Job02#0,"""포스"""
Job03#0,"""파이터"""
Job04#0,"""거너"""
Job05#0,"""텍터"""
Job06#0,"""브레이버"""
Job07#0,"""바운서"""
Job08#0,"""챌린저"""
Job09#0,"""서모너"""
Job10#0,"""배틀 워리어"""
Job11#0,"""히어로"""
Job12#0,"""팬텀"""
Job13#0,"""에트왈"""
Job14#0,"""슬레이어"""
All#0,"""모든 클래스"""
ConnectErrorLabel#0,"""통신 오류"""
ConnectErrorText#0,"""서버와 통신이 끊어졌습니다. 타이틀로 돌아갑니다."""
InvalidPasswordText#0,"""SEGA ID나 패스워드가 틀렸습니다."""
FailVersionText#0,"""서버와 버전이 다릅니다. 타이틀로 돌아갑니다."""
DnsError#0,"""DNS오류입니다"""
SignOut_Vita#0,"""PlayStation®Network에서 타임아웃 되었습니다.<br>타이틀로 돌아갑니다."""
Resume_Vita#0,"""서버 타임아웃이 발생했습니다.<br>타이틀로 돌아갑니다."""
ErrorWindowText#0,"""※오류 내용과 대처 방법은<br>플레이어즈 사이트를 참고해주십시오."""
ErrorCodeText#0,"""No."""
OkButtonText#0,"""OK"""
WebButtonText#0,"""공식 사이트를 연다"""
ShopButtonText#0,"""구입 페이지를 연다"""
WebURL#0,"""<&URL pso2_players_manual_preparations_arkslobby_block>"""
ShopURL#0,"""<&URL AC_CHARGE_PAGE>"""
Code220_Title#0,"""최신 버전 받기"""
Code220_Code#0,"""서버 접속에 실패했습니다."""
Code220_Message#0,"""서버를 찾지 못했습니다.<br>잠시 후 다시 시도해주십시오."""
Code221_Title#0,"""최신 버전 받기"""
Code221_Code#0,"""최신 버전 다운로드에 실패했습니다."""
Code221_Message#0,"""최신 버전으로<br>정상적으로 업데이트하지 못했습니다.<br>파일 체크를 해 보신 후<br>그 뒤에도 같은 증상이 발생할 경우<br>공식 사이트의 고객센터로<br>문의해 주시기 바랍니다."""
Code222_Title#0,"""최신 버전 받기"""
Code222_Code#0,"""최신 버전 다운로드에 실패했습니다."""
Code222_Message#0,"""최신 버전으로<br>정상적으로 업데이트하지 못했습니다.<br>파일 체크를 해 보신 후<br>그 뒤에도 같은 증상이 발생할 경우<br>공식 사이트의 고객센터로 문의해 주시기 바랍니다."""
Code223_Title#0,"""최신 버전 확인"""
Code223_Code#0,"""버전 확인에 실패했습니다."""
Code223_Message#0,"""서버를 찾지 못했습니다.<br>잠시 후 다시 시도해주십시오."""
Code224_Title#0,"""최신 버전 확인"""
Code224_Code#0,"""버전 확인에 실패했습니다."""
Code224_Message#0,"""서버를 찾지 못했습니다.<br>잠시 후 다시 시도해주십시오."""
Code225_Title#0,"""최신 버전 받기"""
Code225_Code#0,"""최신 시스템 파일 다운로드에 실패했습니다."""
Code225_Message#0,"""최신 버전으로<br>정상적으로 업데이트하지 못했습니다.<br>파일 체크를 해 보신 후<br>그 뒤에도 같은 증상이 발생할 경우<br>공식 사이트의 고객센터로 문의해 주시기 바랍니다."""
Code226_Title#0,"""최신 버전 받기"""
Code226_Code#0,"""최신 시스템 파일 다운로드에 실패했습니다."""
Code226_Message#0,"""최신 버전으로<br>정상적으로 업데이트하지 못했습니다.<br>파일 체크를 해 보신 후<br>그 뒤에도 같은 증상이 발생할 경우<br>공식 사이트의 고객센터로 문의해 주시기 바랍니다."""
Code227_Title#0,"""최신 버전 받기"""
Code227_Code#0,"""파일 다운로드에 실패했습니다."""
Code227_Message#0,"""최신 버전으로<br>정상적으로 업데이트하지 못했습니다.<br>파일 체크를 해 보신 후<br>그 뒤에도 같은 증상이 발생할 경우<br>공식 사이트의 고객센터로 문의해 주시기 바랍니다."""
Code228_Title#0,"""최신 버전 받기"""
Code228_Code#0,"""파일 다운로드에 실패했습니다."""
Code228_Message#0,"""최신 버전으로<br>정상적으로 업데이트하지 못했습니다.<br>파일 체크를 해 보신 후<br>그 뒤에도 같은 증상이 발생할 경우<br>공식 사이트의 고객센터로 문의해 주시기 바랍니다."""
Code230_Title#0,"""네트워크 접속"""
Code230_Code#0,"""네트워크 접속에 오류가 발생했습니다."""
Code230_Message#0,"""DNS서버에서 응답이 없습니다.<br>네트워크 설정을 확인하신 후<br>다시 시도해 주십시오."""
Code231_Title#0,"""네트워크 접속"""
Code231_Code#0,"""네트워크 접속에 오류가 발생했습니다."""
Code231_Message#0,"""DNS서버에서 응답이 없습니다.<br>네트워크 설정을 확인하신 후<br>다시 시도해 주십시오."""
Code240_Title#0,"""네트워크 접속"""
Code240_Code#0,"""네트워크 접속에 오류가 발생했습니다."""
Code240_Message#0,"""서버로 접속하지 못했습니다.<br>공식사이트의 공지 등으로<br>서버 가동 상태를 확인해주십시오."""
Code241_Title#0,"""네트워크 접속"""
Code241_Code#0,"""네트워크 접속에 오류가 발생했습니다."""
Code241_Message#0,"""서버에 접속하지 못했습니다.<br>잠시 시간을 두고 다시 시도해 주십시오.<br>그 뒤에도 같은 증상 발생할 경우<br>공식 사이트의 고객센터로 문의해 주시기 바랍니다."""
Code242_Title#0,"""네트워크 접속"""
Code242_Code#0,"""네트워크 접속에 오류가 발생했습니다."""
Code242_Message#0,"""서버에 접속하지 못했습니다.<br>잠시 시간을 두고 다시 시도해 주십시오."""
Code249_Title#0,"""네트워크 접속"""
Code249_Code#0,"""네트워크 접속에 오류가 발생했습니다."""
Code249_Message#0,"""서버에 접속하지 못했습니다.<br>잠시 시간을 두고 다시 시도해 주십시오.<br>그 뒤에도 같은 증상 발생할 경우<br>공식 사이트의 고객센터로 문의해 주시기 바랍니다."""
Code250_Title#0,"""네트워크 접속"""
Code250_Code#0,"""네트워크 접속에 오류가 발생했습니다."""
Code250_Message#0,"""서버에 접속하지 못했습니다.<br>잠시 시간을 두고 다시 시도해 주십시오.<br>그 뒤에도 같은 증상 발생할 경우<br>공식 사이트의 고객센터로 문의해 주시기 바랍니다.<br>[ No.250 - $(0) ]"""
Code601_Title#0,"""ID 인증 실패"""
Code601_Code#0,"""SEGA ID 인증에 실패했습니다."""
Code601_Message#0,"""서버가 점검중일 가능성이 있습니다.<br>판타시 스타 온라인 2 공식 사이트에서<br>점검 정보를 확인해주십시오."""
Code602_Title#0,"""ID 인증 실패"""
Code602_Code#0,"""SEGA ID 인증에 실패했습니다."""
Code602_Message#0,"""SEGA ID 또는 패스워드를 확인하신 후<br>다시 입력하시고 접속해주시기 바랍니다."""
Code603_Title#0,"""ID 인증 실패"""
Code603_Code#0,"""SEGA ID 인증에 실패했습니다."""
Code603_Message#0,"""SEGA ID 또는 패스워드를 확인하신 후<br>다시 입력하시고 접속해주시기 바랍니다."""
Code604_Title#0,"""ID 인증 실패"""
Code604_Code#0,"""SEGA ID 인증에 실패했습니다."""
Code604_Message#0,"""일정시간 내에 규정 횟수 이상<br>로그인 인증에 실패하여<br>일시적으로 고객님의 이용을 정지했습니다"""
Code605_Title#0,"""ID 인증 실패"""
Code605_Code#0,"""ID 인증에 실패했습니다."""
Code605_Message#0,"""제휴 ID를 관리하는 서버가<br>점검 등으로 정지되었을 가능성이 있습니다.<br>상세정보는 제휴 ID 서비스 회사에 확인 부탁드립니다."""
Code606_Title#0,"""ID 인증 실패"""
Code606_Code#0,"""ID 인증에 실패했습니다."""
Code606_Message#0,"""제휴 ID 인증이 정상적으로 이뤄지지 않았습니다.<br>상세정보는 제휴 ID 서비스 회사에 확인 부탁드립니다."""
Code611_Title#0,"""서버 접속"""
Code611_Code#0,"""서버에 접속하지 못했습니다."""
Code611_Message#0,"""서버가 점검 중일 수 있습니다.<br>판타시 스타 온라인 2 공식 사이트에서<br>점검 정보를 확인 부탁드립니다."""
Code612_Title#0,"""서버 접속"""
Code612_Code#0,"""서버에 접속하지 못했습니다."""
Code612_Message#0,"""현재 매우 혼잡한 상태입니다.<br>잠시 후 다시 접속해주시기 바랍니다."""
Code615_Title#0,"""서버 접속"""
Code615_Code#0,"""블록에 접속하지 못했습니다."""
Code615_Message#0,"""선택하신 블록이 혼잡하여 이동에 실패했습니다."""
Code616_Title#0,"""서버 접속"""
Code616_Code#0,"""블록에 접속하지 못했습니다."""
Code616_Message#0,"""선택하신 블록이 혼잡하여 이동에 실패했습니다."""
Code620_Title#0,"""로그인 실패"""
Code620_Code#0,"""로그인에 실패했습니다."""
Code620_Message#0,"""종료 처리가 정상적으로 이뤄지지 않아<br>데이터가 잠겨있습니다.<br>10분정도 시간을 두신 후 접속 부탁드립니다."""
Code622_Title#0,"""마이 룸 선택"""
Code622_Code#0,"""마이 룸을 선택하지 못했습니다."""
Code622_Message#0,"""선택하신 마이 룸이 혼잡하여<br>이동하지 못했습니다."""
Code623_Title#0,"""마이 룸 선택"""
Code623_Code#0,"""마이 룸을 선택하지 못했습니다."""
Code623_Message#0,"""마이 룸 서버를 찾지 못했습니다."""
Code624_Title#0,"""마이 룸 선택"""
Code624_Code#0,"""마이 룸을 선택하지 못했습니다."""
Code624_Message#0,"""입장 제한 설정으로 인해<br>마이 룸에 들어가지 못했습니다."""
Code625_Title#0,"""마이 룸 선택"""
Code625_Code#0,"""마이 룸을 선택하지 못했습니다."""
Code625_Message#0,"""입장 제한 설정으로 인해<br>마이 룸에 들어가지 못했습니다."""
Code626_Title#0,"""마이 룸 선택"""
Code626_Code#0,"""마이 룸을 선택하지 못했습니다."""
Code626_Message#0,"""서버 시스템에 문제가 발생해<br>마이 룸을 선택하지 못했습니다."""
Code627_Title#0,"""마이 룸 선택"""
Code627_Code#0,"""마이 룸을 선택하지 못했습니다."""
Code627_Message#0,"""마이 룸 사용 권한이 없나 기한이 끝나<br>이동하지 못했습니다."""
Code628_Title#0,"""마이 룸 선택"""
Code628_Code#0,"""마이 룸을 선택하지 못했습니다."""
Code628_Message#0,"""대상 마이 룸 소유자에게<br>마이 룸 사용 권한이 없거나<br>기한이 끝나<br>이동하지 못했습니다."""
Code630_Title#0,"""서버 통신"""
Code630_Code#0,"""서버에서 응답이 없습니다."""
Code630_Message#0,"""서버에서 응답이 없어 타이틀로 돌아갑니다."""
Code633_Title#0,"""마이 룸 이동"""
Code633_Code#0,"""마이 룸으로 이동하지 못했습니다."""
Code633_Message#0,"""선택하신 마이 룸이 혼잡하여<br>이동하지 못했습니다."""
Code634_Title#0,"""마이 룸 이동"""
Code634_Code#0,"""마이 룸으로 이동하지 못했습니다."""
Code634_Message#0,"""마이 룸 서버를 찾지 못했습니다."""
Code635_Title#0,"""마이 룸 이동"""
Code635_Code#0,"""마이 룸으로 이동하지 못했습니다."""
Code635_Message#0,"""마이 룸 측에서 제한되어있어<br>이동하지 못했습니다."""
Code636_Title#0,"""마이 룸 이동"""
Code636_Code#0,"""마이 룸으로 이동하지 못했습니다."""
Code636_Message#0,"""마이 룸 측에서 제한되어있어<br>이동하지 못했습니다."""
Code637_Title#0,"""마이 룸 이동"""
Code637_Code#0,"""마이 룸으로 이동하지 못했습니다."""
Code637_Message#0,"""서버 시스템상 문제가 발생해<br>이동하지 못했습니다."""
Code638_Title#0,"""마이 룸 이동"""
Code638_Code#0,"""마이 룸을 이동하지 못했습니다."""
Code638_Message#0,"""결제가 되지 않아 이동하지 못했습니다."""
Code639_Title#0,"""마이 룸 이동"""
Code639_Code#0,"""마이 룸을 이동하지 못했습니다."""
Code639_Message#0,"""결제가 되지 않아 이동하지 못했습니다."""
Code640_Title#0,"""버전 체크"""
Code640_Code#0,"""게임 클라이언트 버전이 다릅니다."""
Code640_Message#0,"""게임 클라이언트가 정상적으로<br>업데이트 되어있지 않을 수 있습니다.<br>파일 체크를 시도하거나 삭제 한 후<br>다시 설치해주시기 바랍니다."""
Code641_Title#0,"""클라이언트 체크"""
Code641_Code#0,"""게임 클라이언트에 문제가 발생했습니다."""
Code641_Message#0,"""게임 클라이언트가 정상적으로<br>업데이트 되어있지 않을 수 있습니다.<br>파일 체크를 시도하거나 삭제 한 후<br>다시 설치해주시기 바랍니다."""
Code642_Title#0,"""블록 이동"""
Code642_Code#0,"""선택하신 블록으로 이동하지 못했습니다."""
Code642_Message#0,"""선택하시 블록을 찾을 수 없어<br>이동하지 못했습니다."""
Code643_Title#0,"""블록 이동"""
Code643_Code#0,"""선택하신 블록으로 이동하지 못했습니다."""
Code643_Message#0,"""선택하신 블록 입장 권한이 없어<br>이동하지 못했습니다."""
Code644_Title#0,"""블록 이동"""
Code644_Code#0,"""선택하신 블록으로 이동하지 못했습니다."""
Code644_Message#0,"""서버 시스템상의 문제로<br>블록으로 이동하지 못했습니다."""
Code645_Title#0,"""서버 이동"""
Code645_Code#0,"""선택하신 서버로 이동하지 못했습니다"""
Code645_Message#0,"""선택하신 서버가 혼잡하여<br>이동에 실패했습니다"""
Code646_Title#0,"""서버 이동"""
Code646_Code#0,"""선택하신 서버로 이동하지 못했습니다"""
Code646_Message#0,"""선택하신 서버를 찾을 수 없어<br>이동에 실패했습니다"""
Code647_Title#0,"""서버 이동"""
Code647_Code#0,"""선택하신 서버로 이동하지 못했습니다"""
Code647_Message#0,"""선택하신 서버 입장 권한이 없어<br>이동하지 못했습니다."""
Code648_Title#0,"""서버 이동"""
Code648_Code#0,"""선택하신 서버로 이동하지 못했습니다"""
Code648_Message#0,"""시스템 문제로 인해 선택하신 서버로<br>이동하지 못했습니다."""
Code649_Title#0,"""팀 룸 선택"""
Code649_Code#0,"""팀 룸으로 이동하지 못했습니다."""
Code649_Message#0,"""팀 룸이 혼잡하여<br>이동할 수 없습니다.<br>잠시 시간을 두신 후 다시 시도해주시기 바랍니다."""
Code650_Title#0,"""팀 룸 선택"""
Code650_Code#0,"""팀 룸으로 이동하지 못했습니다."""
Code650_Message#0,"""팀 룸 서버를 찾을 수 없어<br>이동할 수 없습니다.<br><br>잠시 시간을 두신 후 다시 시도해주시기 바랍니다."""
Code651_Title#0,"""팀 룸 선택"""
Code651_Code#0,"""팀 룸으로 이동하지 못했습니다."""
Code651_Message#0,"""팀에 소속되어있지 않아<br>팀 룸으로 이동할 수 없습니다.<br><br>자신의 소속 팀을 확인해주시기 바랍니다."""
Code652_Title#0,"""팀 룸 선택"""
Code652_Code#0,"""팀 룸으로 이동하지 못했습니다."""
Code652_Message#0,"""소속 팀이 아직 팀 룸을 입수하지 않아<br>이동할 수 없습니다.<br>"""
Code653_Title#0,"""팀 룸 선택"""
Code653_Code#0,"""팀 룸으로 이동하지 못했습니다."""
Code653_Message#0,"""통신 오류가 발생해 팀 룸으로<br>이동할 수 없습니다.<br><br>잠시 시간을 두신 후 다시 시도해주시기 바랍니다."""
Code654_Title#0,"""팀 룸 선택"""
Code654_Code#0,"""팀 룸으로 이동하지 못했습니다."""
Code654_Message#0,"""팀의 관리권한이 없어<br>팀 룸으로 이동할 수 없습니다."""
Code655_Title#0,"""팀 룸 선택"""
Code655_Code#0,"""팀 룸으로 이동하지 못했습니다."""
Code655_Message#0,"""팀 룸이 혼잡하여<br>이동할 수 없습니다.<br>잠시 시간을 두신 후 다시 시도해주시기 바랍니다."""
Code656_Title#0,"""팀 룸 선택"""
Code656_Code#0,"""팀 룸으로 이동하지 못했습니다."""
Code656_Message#0,"""팀 룸 서버를 찾을 수 없어<br>이동할 수 없습니다.<br><br>잠시 시간을 두신 후 다시 시도해주시기 바랍니다."""
Code657_Title#0,"""팀 룸 선택"""
Code657_Code#0,"""팀 룸으로 이동하지 못했습니다."""
Code657_Message#0,"""팀에 소속되어있지 않아<br>팀 룸으로 이동할 수 없습니다.<br><br>자신의 소속 팀을 확인해주시기 바랍니다."""
Code658_Title#0,"""팀 룸 선택"""
Code658_Code#0,"""팀 룸으로 이동하지 못했습니다."""
Code658_Message#0,"""소속 팀이 아직 팀 룸을 입수하지 않아<br>이동할 수 없습니다.<br>"""
Code659_Title#0,"""팀 룸 선택"""
Code659_Code#0,"""팀 룸으로 이동하지 못했습니다."""
Code659_Message#0,"""통신 오류가 발생해 팀 룸으로<br>이동할 수 없습니다.<br><br>잠시 시간을 두신 후 다시 시도해주시기 바랍니다."""
Code660_Title#0,"""팀 룸 선택"""
Code660_Code#0,"""팀 룸으로 이동하지 못했습니다."""
Code660_Message#0,"""팀의 관리권한이 없어<br>팀 룸으로 이동할 수 없습니다."""
Code700_Title#0,"""블록 이동"""
Code700_Code#0,"""선택하신 블록으로 이동하지 못했습니다."""
Code700_Message#0,"""프리미엄 세트 유효기간중에만<br>이동 가능한 블록입니다.<br>이용권을 갖고계시지 않거나<br>이용기간이 끝나<br>이동할 수 없습니다."""
Code701_Title#0,"""블록 이동"""
Code701_Code#0,"""선택하신 블록으로 이동하지 못했습니다."""
Code701_Message#0,"""이용중이신 플랫폼에선<br>이동할 수 없는 블록입니다."""
Code710_Title#0,"""프리미엄 세트용 컨텐츠"""
Code710_Code#0,"""이 컨텐츠는<br>프리미엄 세트 기간중에만 사용 가능합니다."""
Code710_Message#0,"""프리미엄 세트를 이용하시려면<br>메인 메뉴의 「AC샵」에서<br>「프리미엄 세트」를 구입해주십시오."""
Code711_Title#0,"""프리미엄 세트용 컨텐츠"""
Code711_Code#0,"""프리미엄 세트 기한이 다 되었습니다."""
Code711_Message#0,"""이 컨텐츠를 이용하기 위한<br>프리미엄 세트 기한이 다 되었습니다.<br>메인 메뉴의 「AC샵」에서<br>「프리미엄 세트」를 구입해주십시오."""
Code712_Title#0,"""AC부족"""
Code712_Code#0,"""이 컨텐츠를 이용하기 위한 AC가 부족합니다."""
Code712_Message#0,"""AC를 충전하려면<br>메인 메뉴의 「AC샵」에서<br>「AC충전」을 선택해주십시오."""
Code810_Title#0,"""주의"""
Code810_Code#0,"""고객님께 신고가 들어와 있습니다."""
Code810_Message#0,"""매너를 지켜주지 않으실 경우<br>이후 이용이 제한되실 수<br>있으므로 주의 부탁드립니다.<br>문의는<br>판타시 스타 온라인 2 공식 사이트를 참조 부탁드립니다."""
Code811_Title#0,"""경고"""
Code811_Code#0,"""고객님께 신고가 들어와 있습니다."""
Code811_Message#0,"""이후에도 매너를 지켜주지 않으실 경우<br>서버 접속을 제한할 수 있으므로<br>미리 양해 부탁드립니다.<br>문의는<br>판타시 스타 온라인 2 공식 사이트를 참조 부탁드립니다."""
Code812_Title#0,"""이용 정지"""
Code812_Code#0,"""현재 고객님은 이용이 정지된 상태입니다."""
Code812_Message#0,"""문의는<br>판타시 스타 온라인 2 공식 사이트를 참조 부탁드립니다."""
Code813_Title#0,"""이용 정지"""
Code813_Code#0,"""현재 고객님의 이용을<br>일시적으로 정지했습니다."""
Code813_Message#0,"""이용 정지 시간은 앞으로 %d 시간입니다.<br>상기 기간 내에는<br>판타시 스타 온라인 2를 플레이하실 수 없습니다.<br>문의는<br>판타시 스타 온라인 2 공식 사이트를 참조 부탁드립니다."""
Code814_Title#0,"""이용 정지"""
Code814_Code#0,"""현재 고객님의 이용을 정지하였습니다."""
Code814_Message#0,"""문의는<br>판타시 스타 온라인 2 공식 사이트를 참조 부탁드립니다."""
Code815_Title#0,"""기능 제한"""
Code815_Code#0,"""현재 고객님의 일부 기능<br>이용을 정지하였습니다."""
Code815_Message#0,"""문의는<br>판타시 스타 온라인 2 공식 사이트를 참조 부탁드립니다."""
Code911_Title#0,"""작동 사양 확인"""
Code911_Code#0,"""예상치 못한 오류가 발생했습니다."""
Code911_Message#0,"""판타시 스타 온라인 2 작동 사양과<br>고객님의 사양을 다시 확인하신 후<br>문제가 있으시면<br>사용중이신 PC 브랜드 판매점에 문의해주시기 바랍니다."""
SignOut_PS4#0,"""“PlayStation Network”에서 로그아웃 되었습니다.<br>타이틀로 돌아갑니다."""
TokuteiURL#0,"""<&URL pso2_players_support_rule_tokutei>"""
TokuteiURL_v#0,"""<&URL pso2_players_support_rule_tokutei_vita>"""
TokuteiURL_c#0,"""<&URL pso2_players_support_rule_tokutei_cloud>"""
Code661_Title#0,"""팀 룸 선택"""
Code661_Code#0,"""팀 룸으로 이동하지 못했습니다."""
Code661_Message#0,"""입장 제한 설정으로 인해<br>팀 룸으로 이동하지 못했습니다."""
Code662_Title#0,"""서버 이동"""
Code662_Code#0,"""선택하신 서버로 이동하지 못했습니다"""
Code662_Message#0,"""퀘스트가 개시되어<br>서버로 이동하지 못했습니다."""
Code704_Title#0,"""블록 이동"""
Code704_Code#0,"""이하 3가지 칭호를 획득하지 않아 이동할 수 없습니다."""
Code704_Message#0,"""<yellow>①독극의 고군분투<c><br>\u3000→「독극 훈련:천극과 지극」을 5스테이지까지 답파하여 입수<br><yellow>②희소한 신세의 창조주/서모너 펫 육성의 개척자<c><br>\u3000→★13이상인 신세무기(펫)을 최대까지 강화/육성<br><yellow>③견고한 방어주의 창조주<c><br>\u3000→★12 유닛을 세 부위 모두 +10까지 강화하여 장비하고 입수"""
Code730_Title#0,"""서버 이동"""
Code730_Code#0,"""선택하신 서버로 이동하지 못했습니다"""
Code730_Message#0,"""선택하신 서버가 혼잡하여<br>이동에 실패했습니다"""
Code731_Title#0,"""서버 이동"""
Code731_Code#0,"""선택하신 서버로 이동하지 못했습니다"""
Code731_Message#0,"""선택하신 서버를 찾지 못해<br>이동에 실패했습니다."""
Code732_Title#0,"""서버 이동"""
Code732_Code#0,"""선택하신 서버로 이동하지 못했습니다"""
Code732_Message#0,"""선택하신 서버 측에서 제한되어 있어<br>이동하지 못했습니다."""
Code733_Title#0,"""서버 이동"""
Code733_Code#0,"""선택하신 서버로 이동하지 못했습니다"""
Code733_Message#0,"""시스템 문제로 인해 선택하신 서버로<br>이동하지 못했습니다."""
Self01_01#0,"""Self01_01"""
Self01_02#0,"""Self01_02"""
Self02_01#0,"""Self02_01"""
Self02_02#0,"""Self02_02"""
Ship01_01#0,"""Ship01"""
Ship01_02#0,"""Ship02"""
Ship01#0,"""Ship01"""
Ship02#0,"""Ship02"""
Ship03#0,"""Ship03"""
Ship04#0,"""Ship04"""
Ship05#0,"""Ship05"""
Ship06#0,"""Ship06"""
Ship07#0,"""Ship07"""
Ship08#0,"""Ship08"""
Ship09#0,"""Ship09"""
Ship10#0,"""Ship10"""
Master#0,"""팀 마스터"""
Manager#0,"""매니저"""
Common#0,"""커먼 맴버"""
Visitor#0,"""비지터"""
Unknown#0,"""미소속"""
LobbyAction_Monomane#0,"""モノマネ"""
LobbyAction_Reaction#0,"""リアクション"""
LobbyAction_Greet#0,"""挨拶"""
LobbyAction_Wave#0,"""手を振る"""
LobbyAction_Bow#0,"""礼"""
LobbyAction_Salute#0,"""敬礼"""
LobbyAction_Yes#0,"""肯定"""
LobbyAction_No#0,"""否定"""
LobbyAction_Sorry#0,"""謝る"""
LobbyAction_Provoke#0,"""挑発"""
LobbyAction_Praise#0,"""褒める"""
LobbyAction_Kiss#0,"""キス"""
LobbyAction_Howareyou#0,"""元気？"""
LobbyAction_You#0,"""指を指す"""
LobbyAction_Yell#0,"""応援"""
LobbyAction_Guts#0,"""気合を入れる"""
LobbyAction_Laugh#0,"""大笑い"""
LobbyAction_Clap#0,"""拍手"""
LobbyAction_Sit1#0,"""座る１"""
LobbyAction_Sit2#0,"""座る２"""
LobbyAction_Pose1#0,"""ポーズ１"""
LobbyAction_Pose2#0,"""ポーズ２"""
LobbyAction_Dance1#0,"""ダンス１"""
LobbyAction_Dance2#0,"""ダンス２"""
LobbyAction_darkerblast#0,"""ダークブラスト"""
LobbyAction_darkblast2#0,"""ダークブラスト２"""
LobbyAction_darkblast3#0,"""ダークブラスト３"""
LobbyAction_darkblast4#0,"""ダークブラスト４"""
LobbyAction_Liveit#0,"""任せろ！"""
LobbyAction_Deny#0,"""イヤイヤ"""
LobbyAction_Tired#0,"""不調"""
LobbyAction_Happy#0,"""喜ぶ"""
LobbyAction_Angry#0,"""怒る"""
LobbyAction_Sad#0,"""悲しい"""
LobbyAction_Fun#0,"""ウキウキ"""
LobbyAction_Disgust#0,"""呆れる"""
LobbyAction_Worry#0,"""悩む"""
LobbyAction_Shy#0,"""照れる"""
LobbyAction_Surprise#0,"""驚き"""
LobbyAction_Frustrated#0,"""地団駄"""
LobbyAction_Cry#0,"""泣く"""
LobbyAction_Ball#0,"""ボール"""
LobbyAction_Peep#0,"""覗く"""
LobbyAction_Flag#0,"""掲げる"""
LobbyAction_Mdtrn#0,"""ポーズ６"""
LobbyAction_Sit3#0,"""座る３"""
LobbyAction_mdpose_a1#0,"""ポーズ７"""
LobbyAction_mdpose_b1#0,"""ポーズ８"""
LobbyAction_yesorno#0,"""○\u3000ｏｒ\u3000×"""
LobbyAction_cam#0,"""カメラを構える"""
LobbyAction_pray#0,"""お参り"""
LobbyAction_hima#0,"""背伸び"""
LobbyAction_Bed1#0,"""ベッド１"""
LobbyAction_Bed2#0,"""ベッド２"""
LobbyAction_Sexy#0,"""セクシー"""
LobbyAction_Drunk#0,"""酔っ払い"""
LobbyAction_Pose3#0,"""ポーズ３"""
LobbyAction_Pose4#0,"""ポーズ４"""
LobbyAction_Pose5#0,"""ポーズ５"""
LobbyAction_Proudback#0,"""背中自慢"""
LobbyAction_Proudarm#0,"""腕自慢"""
LobbyAction_Proudleg#0,"""脚自慢"""
LobbyAction_Dance3#0,"""ダンス３"""
LobbyAction_Dance4#0,"""ダンス４"""
LobbyAction_Dance5#0,"""ダンス５"""
LobbyAction_Sing#0,"""唄う"""
LobbyAction_Gj#0,"""グッジョブ"""
LobbyAction_Pleasure#0,"""たまらん！"""
LobbyAction_Talk#0,"""訴えかける"""
LobbyAction_Pains#0,"""苦しい"""
LobbyAction_Mc#0,"""マイクパフォーマンス"""
LobbyAction_Dance6#0,"""ダンス６"""
LobbyAction_clight1#0,"""ライトを振る１"""
LobbyAction_clight2#0,"""ライトを振る２"""
LobbyAction_clight3#0,"""ライトを振る３"""
LobbyAction_Dance7#0,"""ダンス７"""
LobbyAction_Dance8#0,"""ダンス８"""
LobbyAction_go#0,"""行くぞ！"""
LobbyAction_moji#0,"""モジモジ"""
LobbyAction_comic#0,"""漫才"""
LobbyAction_present#0,"""プレゼント"""
LobbyAction_water_a#0,"""水をかける"""
LobbyAction_water_b#0,"""水をかけられる"""
LobbyAction_hot#0,"""暑い"""
LobbyAction_kagamu#0,"""アピール"""
LobbyAction_Dance9#0,"""ダンス９"""
LobbyAction_Dance10#0,"""ダンス１０"""
LobbyAction_Dance11#0,"""ダンス１１"""
LobbyAction_Dance12#0,"""ダンス１２"""
LobbyAction_Sit4#0,"""座る４"""
LobbyAction_Sit5#0,"""座る５"""
LobbyAction_mdpose_a2#0,"""腕を組む"""
LobbyAction_mdpose_b2#0,"""やっほー"""
LobbyAction_mdpose_a3#0,"""モデル１"""
LobbyAction_mdpose_b3#0,"""モデル２"""
LobbyAction_animal#0,"""アニマル"""
LobbyAction_taiso#0,"""準備運動"""
LobbyAction_boxing#0,"""ボクシング"""
LobbyAction_enemy#0,"""エネミー１"""
LobbyAction_riseki#0,"""待機中"""
LobbyAction_kick#0,"""キック"""
LobbyAction_punch#0,"""乱打"""
LobbyAction_chiba#0,"""ワザ"""
LobbyAction_ochokuri#0,"""からかう"""
LobbyAction_kimepose#0,"""ポーズ９"""
LobbyAction_mdwalk#0,"""モデル歩き"""
LobbyAction_kashige#0,"""首をかしげる"""
LobbyAction_hello2#0,"""挨拶２"""
LobbyAction_aid2#0,"""応援２"""
LobbyAction_pains2#0,"""呪い"""
LobbyAction_chu2#0,"""ポーズ１０"""
LobbyAction_salute2#0,"""敬礼２"""
LobbyAction_ichitarou#0,"""イチタロー"""
LobbyAction_enomoto#0,"""エノモト"""
LobbyAction_symbolP#0,"""人文字Ｐ"""
LobbyAction_symbolS#0,"""人文字Ｓ"""
LobbyAction_symbolO#0,"""人文字Ｏ"""
LobbyAction_symbol2#0,"""人文字２"""
LobbyAction_wave2#0,"""手を振る２"""
LobbyAction_bow2#0,"""礼２"""
LobbyAction_kanpai#0,"""乾杯"""
LobbyAction_sc5#0,"""スペチャン５ダンス"""
LobbyAction_fireworks#0,"""花火"""
LobbyAction_pose11#0,"""ポーズ１１"""
LobbyAction_pose12#0,"""万歳"""
LobbyAction_champagne#0,"""優勝"""
LobbyAction_imitateBB#0,"""エア野球"""
LobbyAction_fishing#0,"""釣り"""
LobbyAction_yopparai#0,"""ヨッパライ"""
LobbyAction_enomoto4#0,"""エノモト４"""
LobbyAction_virtualon#0,"""バーチャロン"""
LobbyAction_pose13#0,"""ポーズ１２"""
LobbyAction_kyouki#0,"""大喜び"""
LobbyAction_line#0,"""前ならえ"""
LobbyAction_pose14#0,"""ポーズ１３"""
LobbyAction_halloween#0,"""お菓子ちょうだい"""
LobbyAction_crash#0,"""吹っ飛ぶ"""
LobbyAction_cracker#0,"""クラッカー"""
LobbyAction_pose15#0,"""ポーズ１４"""
LobbyAction_massgame1#0,"""ボード赤・青"""
LobbyAction_massgame2#0,"""ボード緑・黄"""
LobbyAction_massgame3#0,"""ボード白・黒"""
LobbyAction_pose16#0,"""ポーズ１５"""
LobbyAction_ice#0,"""雪合戦"""
LobbyAction_eieio#0,"""エイエイオー！"""
LobbyAction_kick2#0,"""キック２"""
LobbyAction_stylish#0,"""Ｓジャンプ"""
LobbyAction_symbol0#0,"""人文字０（ゼロ）"""
LobbyAction_symbol1#0,"""人文字１"""
LobbyAction_symbol3#0,"""人文字３"""
LobbyAction_symbol4#0,"""人文字４"""
LobbyAction_symbol5#0,"""人文字５"""
LobbyAction_symbol6#0,"""人文字６"""
LobbyAction_symbol7#0,"""人文字７"""
LobbyAction_symbol8#0,"""人文字８"""
LobbyAction_symbol9#0,"""人文字９"""
LobbyAction_bubble#0,"""シャボン玉"""
LobbyAction_enemy2#0,"""エネミー２"""
LobbyAction_umbrella1#0,"""エア傘"""
LobbyAction_umbrella2#0,"""リアル傘"""
LobbyAction_dummy#0,"""dummy"""
LobbyAction_eat#0,"""食べる"""
LobbyAction_pose18#0,"""ポーズ１７"""
LobbyAction_fear#0,"""怯える"""
LobbyAction_clean#0,"""掃除"""
LobbyAction_virtualon2#0,"""バーチャロン２"""
LobbyAction_volley#0,"""ビーチバレー"""
LobbyAction_pose19#0,"""ポーズ１８"""
LobbyAction_fireworks2#0,"""花火２"""
LobbyAction_pose20#0,"""ポーズ１９"""
LobbyAction_freekick#0,"""フリーキック"""
LobbyAction_pose21#0,"""ポーズ２０"""
LobbyAction_jump#0,"""ピョンピョン"""
LobbyAction_pose22#0,"""ポーズ２１"""
LobbyAction_aura#0,"""ＡＲＫＳポーズ"""
LobbyAction_surprise2#0,"""驚き２"""
LobbyAction_magichat#0,"""手品"""
LobbyAction_pose23#0,"""ポーズ２２"""
LobbyAction_Sdogeza#0,"""Ｓ土下座"""
LobbyAction_bow3#0,"""礼３"""
LobbyAction_jelly#0,"""ゼリー飲料を飲む"""
LobbyAction_kouhoutai2#0,"""ゆあタソ"""
LobbyAction_kouhoutai3#0,"""あいりん"""
LobbyAction_airiai#0,"""エア居合"""
LobbyAction_nekopose#0,"""ネコポーズ"""
LobbyAction_kancho#0,"""カンチョー"""
LobbyAction_bang#0,"""バキューン"""
LobbyAction_gravure#0,"""グラビアポーズ２"""
LobbyAction_bouquet#0,"""花束"""
LobbyAction_change#0,"""覚醒"""
LobbyAction_watermelon#0,"""スイカ割り"""
LobbyAction_hug#0,"""ハグ"""
LobbyAction_pose24#0,"""ポーズ２３"""
LobbyAction_janken#0,"""じゃんけん"""
LobbyAction_icchou#0,"""一丁締め"""
LobbyAction_flash#0,"""ひらめく"""
LobbyAction_sulk#0,"""拗ねる"""
LobbyAction_gravitydaze#0,"""重力操作"""
LobbyAction_pose25#0,"""ポーズ２４"""
LobbyAction_emiria#0,"""エミリアポーズ"""
LobbyAction_beckon#0,"""手招く"""
LobbyAction_persona5#0,"""ペルソナ５"""
LobbyAction_stroke#0,"""撫でる"""
LobbyAction_pardon#0,"""聞き返す"""
LobbyAction_papercraft#0,"""紙飛行機"""
LobbyAction_tub#0,"""たらい"""
LobbyAction_mock#0,"""茶化す"""
LobbyAction_circle#0,"""円陣"""
LobbyAction_nira#0,"""オートマタ"""
LobbyAction_tasty#0,"""テイスティ"""
LobbyAction_kabuki#0,"""歌舞伎"""
LobbyAction_hagibeto#0,"""マザー・クラスタ１"""
LobbyAction_orqufull#0,"""マザー・クラスタ２"""
LobbyAction_koori#0,"""マザー・クラスタ３"""
LobbyAction_fukitobasu#0,"""吹き飛ばす"""
LobbyAction_ghost#0,"""心霊"""
LobbyAction_hitugipose#0,"""ヒツギポーズ"""
LobbyAction_warpose#0,"""勝利ポーズ１"""
LobbyAction_missile#0,"""ミサイル"""
LobbyAction_pitfall#0,"""落とし穴"""
LobbyAction_swordpose#0,"""剣を構える"""
LobbyAction_dfwarp#0,"""ＤＦワープ"""
LobbyAction_spearpose#0,"""槍を構える"""
LobbyAction_kendama#0,"""けんだま"""
LobbyAction_atorie#0,"""アトリエ"""
LobbyAction_dengekipose#0,"""電撃ポーズ"""
LobbyAction_winnerpose2#0,"""勝利ポーズ２"""
LobbyAction_mothercluster4#0,"""マザー・クラスタ４"""
LobbyAction_mothercluster5#0,"""マザー・クラスタ５"""
LobbyAction_deadoralive1#0,"""ＤＯＡ勝利ポーズ"""
LobbyAction_deadoralive2#0,"""ＤＯＡコンボ"""
LobbyAction_magicbookpose#0,"""魔術書を構える"""
LobbyAction_curse2#0,"""呪い２"""
LobbyAction_swordpose2#0,"""ラコニウムソード"""
LobbyAction_hunting#0,"""狩猟"""
LobbyAction_heart#0,"""ハートを作る"""
LobbyAction_magicsword#0,"""武器強化魔法"""
LobbyAction_throw#0,"""バクダン"""
LobbyAction_staffpose#0,"""杖を構える"""
LobbyAction_virtualon3#0,"""バーチャロン３"""
LobbyAction_yuyuyu#0,"""勇者システム起動"""
LobbyAction_chant#0,"""術をかける"""
LobbyAction_rezero#0,"""Ｒｅ：ゼロ"""
LobbyAction_taikyokuken#0,"""太極拳"""
LobbyAction_greatswordpose#0,"""大剣を構える"""
LobbyAction_acchimuite#0,"""アッチ向いてホイ"""
LobbyAction_hitouch#0,"""ハイタッチ"""
LobbyAction_umbrella3#0,"""傘をさす"""
LobbyAction_peekaboo#0,"""いないいないばぁ"""
LobbyAction_ninja#0,"""忍者"""
LobbyAction_luncherpose#0,"""ランチャーを構える"""
LobbyAction_koiyakan#0,"""恋やかん"""
LobbyAction_twoshot#0,"""ツーショット"""
LobbyAction_volcano2#0,"""ＭＨＦ２"""
LobbyAction_p3colabo#0,"""ペルソナ３"""
LobbyAction_p4colabo#0,"""ペルソナ４"""
LobbyAction_danmachi2#0,"""ダンまち２"""
LobbyAction_ksng2#0,"""ＫＯＦ２"""
LobbyAction_ksng3#0,"""ＫＯＦ３"""
LobbyAction_ksng4#0,"""ＫＯＦ４"""
LobbyAction_sortie3#0,"""登場"""
LobbyAction_kono2#0,"""このすば２"""
LobbyAction_kono3#0,"""このすば３"""
LobbyAction_vcpose3#0,"""勝利ポーズ３"""
LobbyAction_aurapose#0,"""気を高める"""
LobbyAction_slaconium#0,"""Ｓラコニウムソード"""
LobbyAction_zidanda#0,"""地団駄２"""
LobbyAction_darkblastpose01#0,"""変身ポーズ１"""
LobbyAction_handbell_do#0,"""ハンドベル・ド"""
LobbyAction_handbell_re#0,"""ハンドベル・レ"""
LobbyAction_handbell_mi#0,"""ハンドベル・ミ"""
LobbyAction_handbell_fa#0,"""ハンドベル・ファ"""
LobbyAction_handbell_so#0,"""ハンドベル・ソ"""
LobbyAction_handbell_ra#0,"""ハンドベル・ラ"""
LobbyAction_handbell_shi#0,"""ハンドベル・シ"""
LobbyAction_1015kick#0,"""キック３"""
LobbyAction_darkblastpose02#0,"""変身ポーズ２"""
LobbyAction_dnt#0,"""プロージット"""
LobbyAction_1015winnerpose#0,"""勝利ポーズ４"""
LobbyAction_phlg#0,"""Ａ．Ｔ．フィールド"""
LobbyAction_summon#0,"""召喚"""
LobbyAction_bubblegumfly#0,"""風船ガムで飛ぶ"""
LobbyAction_futtobu2#0,"""吹っ飛ぶ２"""
LobbyAction_mochitsuki#0,"""餅つき"""
LobbyAction_meteogyu#0,"""メテオフィストぎゅ。"""
LobbyAction_ykzld#0,"""極技"""
LobbyAction_october#0,"""ソードスキル"""
LobbyAction_tapdance#0,"""ダンス１３"""
LobbyAction_Dance13#0,"""ダンス１４"""
LobbyAction_Dance14#0,"""ダンス１５"""
LobbyAction_Dance15#0,"""ダンス１６"""
LobbyAction_Dance17#0,"""ダンス１７"""
LobbyAction_Dance18#0,"""ダンス１８"""
LobbyAction_orz#0,"""落ち込む"""
LobbyAction_kabe#0,"""よりかかる"""
LobbyAction_house#0,"""ダンス１９"""
LobbyAction_momoi#0,"""モモーイ"""
LobbyAction_headbanging#0,"""ヘッドバンギング"""
LobbyAction_backflip#0,"""バク転"""
LobbyAction_cartwheel#0,"""側転"""
LobbyAction_squat#0,"""スクワット"""
LobbyAction_Dance20#0,"""ダンス２０"""
LobbyAction_Dance21#0,"""ダンス２１"""
LobbyAction_ichitarou2#0,"""イチタロー２"""
LobbyAction_ichitarou3#0,"""イチタロー３"""
LobbyAction_enomoto2#0,"""エノモト２"""
LobbyAction_enomoto3#0,"""エノモト３"""
LobbyAction_sc5_ulala#0,"""スペチャン５うらら"""
LobbyAction_talking#0,"""会話中"""
LobbyAction_dance22#0,"""ダンス２２"""
LobbyAction_dance23#0,"""ダンス２３"""
LobbyAction_ichitaro4#0,"""イチタロー４"""
LobbyAction_visphon#0,"""端末操作"""
LobbyAction_koikoi#0,"""期待する"""
LobbyAction_dance24#0,"""ダンス２４"""
LobbyAction_dance25#0,"""ダンス２５"""
LobbyAction_dance26#0,"""ダンス２６"""
LobbyAction_airguitar#0,"""エアギター"""
LobbyAction_dance27#0,"""ダンス２７"""
LobbyAction_horror#0,"""ホラー"""
LobbyAction_dance28#0,"""ダンス２８"""
LobbyAction_yuruyuri#0,"""アッカリーン"""
LobbyAction_dance29#0,"""ダンス２９"""
LobbyAction_dance30#0,"""ダンス３０"""
LobbyAction_cold#0,"""寒がる"""
LobbyAction_dance31#0,"""ダンス３１"""
LobbyAction_dance32#0,"""ダンス３２"""
LobbyAction_warm#0,"""温まる"""
LobbyAction_taiki1#0,"""和服待機"""
LobbyAction_Fwpose#0,"""咎人ポーズ"""
LobbyAction_sokuchu#0,"""側宙"""
LobbyAction_pose17#0,"""ポーズ１６"""
LobbyAction_danse33#0,"""ダンス３３"""
LobbyAction_fightpose2#0,"""構える２"""
LobbyAction_fightpose1#0,"""構える１"""
LobbyAction_dance34#0,"""ダンス３４"""
LobbyAction_dance35#0,"""ダンス３５"""
LobbyAction_sing2#0,"""シンガー"""
LobbyAction_fan#0,"""扇ぐ１"""
LobbyAction_syagam#0,"""しゃがむ"""
LobbyAction_ bonodo#0,"""ＡＲＫＳダンス"""
LobbyAction_guruguru#0,"""ぐるぐる"""
LobbyAction_fan2#0,"""扇ぐ２"""
LobbyAction_furafura#0,"""ふらふら歩き"""
LobbyAction_strech#0,"""体操"""
LobbyAction_dance36#0,"""ダンス３６"""
LobbyAction_float#0,"""浮遊"""
LobbyAction_sit4#0,"""座る４"""
LobbyAction_dance37#0,"""ダンス３７"""
LobbyAction_lean2#0,"""壁ドン"""
LobbyAction_sidestep#0,"""反復横跳び"""
LobbyAction_lookout#0,"""見渡す"""
LobbyAction_snow2#0,"""雪合戦２"""
LobbyAction_graduate#0,"""卒業ポーズ"""
LobbyAction_petal#0,"""花びら"""
LobbyAction_kouhoutai1#0,"""グラビアポーズ"""
LobbyAction_kouhoutai4#0,"""やったー"""
LobbyAction_bigpresent#0,"""プレゼントボックス"""
LobbyAction_blanko#0,"""ブランコ"""
LobbyAction_tobu#0,"""とぶ"""
LobbyAction_simpledance#0,"""ユニークステップ"""
LobbyAction_dislike#0,"""嫌がる"""
LobbyAction_catapult#0,"""出撃"""
LobbyAction_turn#0,"""回る"""
LobbyAction_boxing2#0,"""ボクシング２"""
LobbyAction_Hyurandance#0,"""ヒューランダンス"""
LobbyAction_Miqo'tedance#0,"""ミコッテダンス"""
LobbyAction_sitdown#0,"""腰掛ける"""
LobbyAction_firedans#0,"""ファイアーダンス"""
LobbyAction_lean3#0,"""気怠い"""
LobbyAction_airboard#0,"""エアボード"""
LobbyAction_rappymimicry#0,"""ラッピーズ"""
LobbyAction_liveperformance#0,"""Ｖｏパフォーマンス"""
LobbyAction_shake#0,"""揺れる"""
LobbyAction_cam2#0,"""カメラを構える２"""
LobbyAction_yokoso1#0,"""声援１"""
LobbyAction_yokoso2#0,"""声援２"""
LobbyAction_motherc#0,"""品がある挨拶"""
LobbyAction_hozue#0,"""ほおづえ"""
LobbyAction_dance38#0,"""ダンス３８"""
LobbyAction_Gformation#0,"""組体操"""
LobbyAction_drift#0,"""たゆたう"""
LobbyAction_signboard#0,"""看板もち"""
LobbyAction_vivian#0,"""ヴィヴィアンダッシュ"""
LobbyAction_cooking#0,"""料理する"""
LobbyAction_flightform#0,"""飛行形態"""
LobbyAction_teatime#0,"""どこでもお茶会"""
LobbyAction_famitu#0,"""ファミ通を読む"""
LobbyAction_console2#0,"""端末操作２"""
LobbyAction_snowplay#0,"""雪遊び"""
LobbyAction_dance39#0,"""ダンス３９"""
LobbyAction_shimamura#0,"""ＰＲポーズ"""
LobbyAction_liveperformance2#0,"""Ｖｏパフォーマンス２"""
LobbyAction_dance40#0,"""ダンス４０"""
LobbyAction_dance41#0,"""ダンス４２"""
LobbyAction_dance42#0,"""ダンス４３"""
LobbyAction_dance43#0,"""ダンス４１"""
LobbyAction_dance44#0,"""ダンス４４"""
LobbyAction_gunaction#0,"""銃を構える"""
LobbyAction_hagito#0,"""ハギト・フェムト"""
LobbyAction_stscoter#0,"""立ち乗り二輪車"""
LobbyAction_ippuku#0,"""どこでもお茶屋"""
LobbyAction_waiting2#0,"""待機中２"""
LobbyAction_kumite#0,"""組手"""
LobbyAction_refuse#0,"""スライド移動"""
LobbyAction_winnerdance#0,"""ウィナーダンス"""
LobbyAction_watering#0,"""水やり"""
LobbyAction_waitpose1#0,"""待機中３"""
LobbyAction_beastdush#0,"""四足移動"""
LobbyAction_dance45#0,"""ダンス４５"""
LobbyAction_playcat#0,"""猫をじゃらす"""
LobbyAction_liveperformance3#0,"""Ｖｏパフォーマンス３"""
LobbyAction_loserpose#0,"""【敗者】ポーズ"""
LobbyAction_ski#0,"""スキー"""
LobbyAction_syachihoko#0,"""しゃちほこ"""
LobbyAction_flyingbase#0,"""フライングベース"""
LobbyAction_lookup#0,"""見上げる"""
LobbyAction_repair#0,"""修理する"""
LobbyAction_dance46#0,"""ＡＲＫＳダンス２"""
LobbyAction_swimming#0,"""泳ぐ"""
LobbyAction_surfing#0,"""サーフィン"""
LobbyAction_konamon#0,"""こなもん"""
LobbyAction_heropose#0,"""ヒーローポーズ"""
LobbyAction_dontaku#0,"""どんたく"""
LobbyAction_rappyballoon#0,"""ラッピーバルーン"""
LobbyAction_icecream#0,"""アイスを食べる"""
LobbyAction_qunapose#0,"""クーナポーズ"""
LobbyAction_liveperformance4#0,"""Ｖｏパフォーマンス４"""
LobbyAction_polldance#0,"""ポールダンス"""
LobbyAction_cameraappeal#0,"""カメラアピール"""
LobbyAction_pizza#0,"""ピザーラ"""
LobbyAction_swimming2#0,"""プール遊び"""
LobbyAction_dance46_2#0,"""ダンス４６"""
LobbyAction_kasakasa#0,"""かさかさ"""
LobbyAction_reachingout#0,"""手をつなぐ"""
LobbyAction_hangedman#0,"""吊るされる"""
LobbyAction_wiping#0,"""雑巾がけ"""
LobbyAction_pumpkin#0,"""パンプキン"""
LobbyAction_trafficcontrol#0,"""交通整理"""
LobbyAction_warp#0,"""瞬間移動"""
LobbyAction_dance47#0,"""ダンス４７"""
LobbyAction_waiting4#0,"""待機中４"""
LobbyAction_waiting5#0,"""待機中５"""
LobbyAction_punk#0,"""クレイジー"""
LobbyAction_bodybuild#0,"""ボディビル"""
LobbyAction_waiting6#0,"""待機中６"""
LobbyAction_takoage#0,"""たこあげ"""
LobbyAction_winnerdance2#0,"""ウィナーダンス２"""
LobbyAction_xierapose#0,"""シエラポーズ"""
LobbyAction_bbq#0,"""バーベキュー"""
LobbyAction_dance48#0,"""ダンス４８"""
LobbyAction_shoji#0,"""障子"""
LobbyAction_dance49#0,"""ダンス４９"""
LobbyAction_norinori#0,"""ノリノリ"""
LobbyAction_dance50#0,"""ダンス５０"""
LobbyAction_alisapose#0,"""アリサポーズ"""
LobbyAction_headwash#0,"""頭を洗う"""
LobbyAction_waiting7#0,"""待機中７"""
LobbyAction_rhythm#0,"""リズム"""
LobbyAction_psnovapose1#0,"""ＮＯＶＡポーズ１"""
LobbyAction_psnovapose2#0,"""ＮＯＶＡポーズ２"""
LobbyAction_dance51#0,"""ダンス５１"""
LobbyAction_rapper#0,"""ラッパー"""
LobbyAction_pose26#0,"""ＰＲポーズ２"""
LobbyAction_voperformance5#0,"""Ｖｏパフォーマンス５"""
LobbyAction_tcg#0,"""ＶＲカードゲーム"""
LobbyAction_maromero#0,"""マロン＆メロン"""
LobbyAction_hopscotch#0,"""けんけんぱ"""
LobbyAction_zenmeditation#0,"""浮遊移動"""
LobbyAction_halo#0,"""後光が差す"""
LobbyAction_soullost#0,"""魂が抜ける"""
LobbyAction_dance53#0,"""ダンス５２"""
LobbyAction_henchiranchi#0,"""編知／乱知"""
LobbyAction_umbrelladance#0,"""傘ダンス"""
LobbyAction_cowboy#0,"""カウボーイ射撃芸"""
LobbyAction_yuishaku#0,"""ユーイ＆シャク"""
LobbyAction_p3dance1#0,"""Ｐ３Ｄダンス１"""
LobbyAction_p3dance2#0,"""Ｐ３Ｄダンス２"""
LobbyAction_p3dance3#0,"""Ｐ３Ｄダンス３"""
LobbyAction_p5dance1#0,"""Ｐ５Ｄダンス１"""
LobbyAction_p5dance2#0,"""Ｐ５Ｄダンス２"""
LobbyAction_p5dance3#0,"""Ｐ５Ｄダンス３"""
LobbyAction_swimming2tr#0,"""泳ぐ２"""
LobbyAction_yuishaku2#0,"""ユーイ＆シャク２"""
LobbyAction_yuishaku3#0,"""ユーイ＆シャク３"""
LobbyAction_beatless#0,"""ＢＥＡＴＬＥＳＳ"""
LobbyAction_weddingpose#0,"""ウェディングポーズ"""
LobbyAction_virginroad#0,"""バージンロード"""
LobbyAction_sit5#0,"""座る５"""
LobbyAction_dance54#0,"""ダンス５３"""
LobbyAction_henchiranchi2#0,"""編知／乱知２"""
LobbyAction_drunkenfist#0,"""酔拳ごっこ"""
LobbyAction_espose#0,"""マリンポーズ"""
LobbyAction_voperformance7#0,"""Ｖｏパフォーマンス６"""
LobbyAction_ermirpose#0,"""エルミルポーズ"""
LobbyAction_margaretapose#0,"""マルガレータポーズ"""
LobbyAction_flyingbase2#0,"""フライングベース２"""
LobbyAction_weaponoidpose1#0,"""ウェポノイドポーズ１"""
LobbyAction_weaponoidpose2#0,"""ウェポノイドポーズ２"""
LobbyAction_jyudenkun#0,"""充電くん"""
LobbyAction_flowpose#0,"""フロー＆フラウポーズ"""
LobbyAction_bukikamae#0,"""武器構え"""
LobbyAction_weaponoidpose3#0,"""ウェポノイドポーズ３"""
LobbyAction_weaponoidpose4#0,"""ウェポノイドポーズ４"""
LobbyAction_burasagaru#0,"""ぶらさがる"""
LobbyAction_butakimu#0,"""ブタキムを食べる"""
LobbyAction_suwadance#0,"""すわダンス"""
LobbyAction_chairdance#0,"""チェアダンス"""
LobbyAction_siriusu#0,"""ユリィ／ステラ"""
LobbyAction_maruipose#0,"""マルイポーズ"""
LobbyAction_volcano#0,"""ＭＨＦ１"""
LobbyAction_638dance#0,"""ダンス５４"""
LobbyAction_simpledanse#0,"""ダンス５５"""
LobbyAction_candle#0,"""灯火"""
LobbyAction_tabledance#0,"""テーブルダンス"""
LobbyAction_voperformance6#0,"""Ｖｏパフォーマンス７"""
LobbyAction_636voperformance#0,"""Ｖｏパフォーマンス８"""
LobbyAction_637voperformance#0,"""Ｖｏパフォーマンス９"""
LobbyAction_sealandfree#0,"""封印と解放"""
LobbyAction_kkpose#0,"""初代ＫＫポーズ１"""
LobbyAction_kkpose2#0,"""初代ＫＫポーズ２"""
LobbyAction_wolfatossapose#0,"""ヴォルフ＆アトッサ"""
LobbyAction_wasabeaf#0,"""わさビーフを食べる"""
LobbyAction_648prpose#0,"""スイパラポーズ"""
LobbyAction_almapose#0,"""アルマポーズ"""
LobbyAction_almaball#0,"""アルマボール"""
LobbyAction_ashikumi#0,"""脚を組む"""
LobbyAction_0514dance4#0,"""すわすわする"""
LobbyAction_nijidoro#0,"""虹ドロ入手"""
LobbyAction_rounddance#0,"""ダンス５６"""
LobbyAction_danboul#0,"""ダン・ボウル"""
LobbyAction_danmachi#0,"""ダンまち１"""
LobbyAction_birthday#0,"""バースデー"""
LobbyAction_valentine#0,"""バレンタイン"""
LobbyAction_taruasobi#0,"""樽遊び"""
LobbyAction_ksng#0,"""ＫＯＦ１"""
LobbyAction_prpose2#0,"""ＶＶクッション"""
LobbyAction_sakura#0,"""桜を見る"""
LobbyAction_yumomi#0,"""湯もみ"""
LobbyAction_477sit#0,"""座る６"""
LobbyAction_0725dance#0,"""ダンス５７"""
LobbyAction_rrnn1#0,"""なのはポーズ"""
LobbyAction_rrnn2#0,"""フェイトポーズ"""
LobbyAction_rrnn3#0,"""はやてポーズ"""
LobbyAction_kantopose#0,"""関東名物"""
LobbyAction_psnikomi#0,"""ぷそ煮キャラポーズ"""
LobbyAction_psnikomi2#0,"""イチカ＆テトラポーズ"""
LobbyAction_nagoyapose#0,"""名古屋名物"""
LobbyAction_sapporopose#0,"""札幌名物"""
LobbyAction_phantom#0,"""ファントムポーズ"""
LobbyAction_656pose#0,"""斜めポーズ"""
LobbyAction_dadakone#0,"""ダダをこねる"""
LobbyAction_katanapose#0,"""カタナポーズ"""
LobbyAction_kono1#0,"""このすば１"""
LobbyAction_fukuokapose#0,"""福岡名物"""
LobbyAction_xiaopose#0,"""シャオポーズ"""
LobbyAction_jumppose#0,"""飛行ポーズ"""
LobbyAction_falldown#0,"""倒れる演技"""
LobbyAction_regiuspose#0,"""レギアスポーズ"""
LobbyAction_mariapose#0,"""マリアポーズ"""
LobbyAction_harrietpose#0,"""ハリエットポーズ"""
LobbyAction_rain#0,"""雨が降る"""
LobbyAction_gunpose#0,"""Ａライフルポーズ"""
LobbyAction_kansaipose#0,"""神戸名物"""
LobbyAction_ep4dance7#0,"""ダンス５８"""
LobbyAction_mgr#0,"""メリーゴーランド"""
LobbyAction_tmachinegun#0,"""Ｔマシンガンポーズ"""
LobbyAction_bananaboat#0,"""バナナボート"""
LobbyAction_stratospose#0,"""ストラトスポーズ"""
LobbyAction_lawson#0,"""ローソン看板"""
LobbyAction_696bed#0,"""ベッド３"""
LobbyAction_698hiza#0,"""膝立ち"""
LobbyAction_756weaponoidpose#0,"""ウェポノイドポーズ７"""
LobbyAction_photoncircle#0,"""フォトンサークル"""
LobbyAction_752psnikomi#0,"""ぷそ煮エンドカード"""
LobbyAction_755weaponoidpose#0,"""ウェポノイドポーズ６"""
LobbyAction_754weaponoidpose#0,"""ウェポノイドポーズ５"""
LobbyAction_rodpose#0,"""ロッドポーズ"""
LobbyAction_699qunapose#0,"""クーナポーズ２"""
LobbyAction_risapose#0,"""リサポーズ"""
LobbyAction_dice#0,"""サイコロ投げ"""
LobbyAction_730sitdown#0,"""腰掛ける２"""
LobbyAction_allfire#0,"""全弾発射"""
LobbyAction_matoipose#0,"""マトイポーズ１"""
LobbyAction_771matoivielpose#0,"""マトイポーズ２"""
LobbyAction_772matoivielpose#0,"""マトイポーズ３"""
LobbyAction_twindaggerpose#0,"""ツインダガーポーズ"""
LobbyAction_766sit#0,"""座る７"""
LobbyAction_perrier#0,"""ペリエを飲む"""
LobbyAction_talispose#0,"""タリスポーズ"""
LobbyAction_775idolapose#0,"""イドラキャラポーズ１"""
LobbyAction_776idolapose#0,"""イドラキャラポーズ２"""
LobbyAction_idolachannel#0,"""イドラチャンネル"""
LobbyAction_jasperrosa#0,"""ジャスパー／ローザ"""
LobbyAction_774swordpose#0,"""ソードポーズ"""
LobbyAction_tsuntsun#0,"""つんつん"""
LobbyAction_812sukunahime#0,"""スクナヒメポーズ１"""
LobbyAction_813sukunahime#0,"""スクナヒメポーズ２"""
LobbyAction_828sukunahime#0,"""スクナヒメポーズ３"""
LobbyAction_timecheck#0,"""時間確認"""
LobbyAction_komamawashi#0,"""独楽回し"""
LobbyAction_labomikuji#0,"""おみくじ"""
LobbyAction_doublesaberpose#0,"""Ｄセイバーポーズ"""
LobbyAction_genocide#0,"""ゾンデ／檻"""
LobbyAction_765genocide#0,"""バータ／彫像"""
LobbyAction_wandpose#0,"""ウォンドポーズ"""
LobbyAction_seesnow#0,"""雪を見上げる"""
LobbyAction_yukiasobi#0,"""雪遊び２"""
LobbyAction_795na#0,"""フェスティバル"""
LobbyAction_814na#0,"""Ｘｂｏｘ\u3000ＸＢ"""
LobbyAction_815na#0,"""Ｘｂｏｘ\u3000ＯＸ"""
LobbyAction_816na#0,"""ソニック／テイルス"""
LobbyAction_fanservice#0,"""ファンサ"""
LobbyAction_dualbladepose#0,"""Ｄブレードポーズ"""
LobbyAction_launcherpose#0,"""ランチャーポーズ"""
LobbyAction_rideon#0,"""乗る"""
LobbyAction_wiredlancepose#0,"""Ｗランスポーズ"""
LobbyAction_officechair#0,"""オフィスチェア"""
LobbyAction_etoilepose#0,"""エトワールポーズ"""
LobbyAction_787secondkkpose#0,"""二代目ＫＫポーズ"""
LobbyAction_zenopose#0,"""ゼノポーズ"""
LobbyAction_788thirdkkpose#0,"""三代目ＫＫポーズ"""
LobbyAction_811animepose#0,"""ＥＰオラクル１"""
LobbyAction_830animepose#0,"""ＥＰオラクル２"""
LobbyAction_pillowpose#0,"""抱き枕"""
LobbyAction_taktpose#0,"""タクトポーズ"""
LobbyAction_eggrace#0,"""エッグレース"""
LobbyAction_partizanpose#0,"""パルチザンポーズ"""
LobbyAction_762picnic#0,"""どこでもピクニック１"""
LobbyAction_831animepose#0,"""ＥＰオラクル３"""
LobbyAction_holaf#0,"""ホルシード＆アフタル"""
LobbyAction_jene#0,"""ジェネポーズ"""
LobbyAction_836clockpose#0,"""時計ポーズ"""
LobbyAction_knuckle#0,"""ナックルポーズ"""
LobbyAction_825console#0,"""端末操作３"""
LobbyAction_819dance#0,"""ダンス５９"""
LobbyAction_gunslashpose#0,"""ガンスラッシュポーズ"""
LobbyAction_teacup#0,"""ティーカップ"""
LobbyAction_tarzan#0,"""アスレチック"""
LobbyAction_760psnikomi#0,"""ゼクト＆みたらし"""
LobbyAction_832animepose#0,"""ＥＰオラクル４"""
LobbyAction_849animepose#0,"""ＥＰオラクル５"""
LobbyAction_donpose#0,"""ＰＷ×ＰＳＯ２"""
LobbyAction_851donpose#0,"""ＰＲポーズ３"""
LobbyAction_848voperformance#0,"""Ｖｏパフォーマンス１０"""
LobbyAction_ashpose#0,"""ＥＰオラクル通信"""
LobbyAction_etph#0,"""Ｅｔ＆Ｐｈ"""
LobbyAction_bbowpose#0,"""Ｂボウポーズ"""
LobbyAction_sliding#0,"""スライディング"""
LobbyAction_jbootspose#0,"""ジェットブーツポーズ"""
LobbyAction_wpswd01#0,"""大剣／長槍"""
LobbyAction_arukas#0,"""新サクラ大戦Ａ"""
LobbyAction_868arukas#0,"""新サクラ大戦Ｂ"""
LobbyAction_sparkler#0,"""線香花火"""
LobbyAction_dance52#0,"""ダンス６０"""
LobbyAction_syagami#0,"""しゃがむ２"""
LobbyAction_hizadati2#0,"""膝立ち２"""
LobbyAction_876picnic#0,"""どこでもピクニック２"""
LobbyAction_rfllncaction#0,"""長銃／大砲"""
LobbyAction_874weaponoid#0,"""ウェポノイドポーズ８"""
LobbyAction_875weaponoid#0,"""ウェポノイドポーズ９"""
LobbyAction_879xibapose#0,"""シバポーズ１"""
LobbyAction_varuna#0,"""ヴァルナポーズ"""
LobbyAction_880xibapose#0,"""シバポーズ２"""
LobbyAction_grd#0,"""グリッドマン"""
LobbyAction_campmk#0,"""キャンプ"""
LobbyAction_sortie5#0,"""登場２"""
LobbyAction_katoripose#0,"""カトリポーズ"""
LobbyAction_euclitapose#0,"""ユクリータポーズ"""
LobbyAction_898effpose#0,"""魔術ポーズ１"""
LobbyAction_899effpose#0,"""魔術ポーズ２"""
LobbyAction_658effectpose#0,"""魔術ポーズ３"""
LobbyAction_aikapose#0,"""アイカポーズ"""
LobbyAction_itsukirina#0,"""イツキ／リナポーズ"""
LobbyAction_885hitsugi#0,"""ヒツギポーズ２"""
LobbyAction_rodtls#0,"""長杖／導具"""
LobbyAction_556poseneta#0,"""ＰＲポーズ４"""
LobbyAction_850clockpose#0,"""時計ポーズ２"""
LobbyAction_rodfly#0,"""箒で飛ぶ"""
LobbyAction_udekumi#0,"""腕を組む２"""
LobbyAction_kgr#0,"""閃乱カグラ"""
LobbyAction_dagknu#0,"""双小剣／鋼拳"""
LobbyAction_tmggth#0,"""双機銃／銃剣"""
LobbyAction_sitirin#0,"""七輪"""
LobbyAction_888stratos#0,"""ストラトスポーズ２"""
LobbyAction_889stratos#0,"""ストラトスポーズ３"""
LobbyAction_890kyokuya#0,"""キョクヤポーズ１"""
LobbyAction_891kyokuya#0,"""キョクヤポーズ２"""
LobbyAction_863oracle#0,"""ＥＰオラクル６"""
LobbyAction_892rukot#0,"""ルコットポーズ１"""
LobbyAction_817steam#0,"""ヘッドクラブ"""
LobbyAction_893rukot#0,"""ルコットポーズ２"""
LobbyAction_894rukot#0,"""ルコットポーズ３"""
LobbyAction_idoramatoi#0,"""イドラマトイポーズ"""
LobbyAction_toutobu#0,"""尊ぶ"""
LobbyAction_thanksgivingday#0,"""ターキー"""
LobbyAction_kotatsu#0,"""くつろぐ１"""
LobbyAction_464relax#0,"""くつろぐ２"""
LobbyAction_dsawlc#0,"""両剣／自在槍"""
LobbyAction_lusterpose#0,"""ラスターポーズ"""
LobbyAction_wndtkt#0,"""短杖／奏具"""
LobbyAction_oden#0,"""おでん"""
LobbyAction_dbljbt#0,"""飛翔剣／魔装脚"""
LobbyAction_ktnbow#0,"""抜剣／強弓"""
LobbyAction_rodeo#0,"""ロデオポーズ１"""
LobbyAction_rodeo2#0,"""ロデオポーズ２"""
LobbyAction_clawmachine#0,"""ＵＦＯキャッチャー®"""
LobbyAction_6posefireice#0,"""六属性ポーズ・炎氷"""
LobbyAction_6posewinthun#0,"""六属性ポーズ・雷風"""
LobbyAction_6poselightdark#0,"""六属性ポーズ・闇光"""
LobbyAction_thief#0,"""怪盗"""
LobbyAction_setsumei#0,"""説明する"""
LobbyAction_spider#0,"""蜘蛛"""
LobbyAction_awadate#0,"""泡立てる"""
LobbyAction_kobushipose#0,"""拳ポーズ"""
LobbyAction_ushipose#0,"""モーモーポーズ"""
LobbyAction_goodpose#0,"""グッドポーズ"""
LobbyAction_nakayoshi#0,"""なかよしポーズ"""
LobbyAction_1yubipose#0,"""「１」ポーズ"""
LobbyAction_koyubipose#0,"""小指ポーズ"""
LobbyAction_heartpose#0,"""ハートポーズ"""
LobbyAction_bakyunpose#0,"""バキューンポーズ"""
LobbyAction_909vocaldance#0,"""ディーバモーション１"""
LobbyAction_910vocaldance#0,"""ディーバモーション２"""
LobbyAction_911vocaldance#0,"""ディーバモーション３"""
LobbyAction_932vocaldance#0,"""ディーバモーション４"""
LobbyAction_2yubipose#0,"""「２」ポーズ"""
LobbyAction_0309jumppose#0,"""ジャンプポーズ"""
LobbyAction_hitonakapose#0,"""二本指ポーズ"""
LobbyAction_airquotes#0,"""エアクオート"""
LobbyAction_maloiksign#0,"""ロックサイン"""
LobbyAction_kamenpose#0,"""【仮面】ポーズ"""
LobbyAction_935prpose#0,"""ＰＲポーズ５"""
LobbyAction_933sonictails#0,"""ソニック／テイルス２"""
LobbyAction_sitpiece#0,"""しゃがむ３"""
LobbyAction_threepose#0,"""「３」ポーズ"""
LobbyAction_heropose2#0,"""ヒーローポーズ＋"""
LobbyAction_phantom2#0,"""ファントムポーズ＋"""
LobbyAction_966dance#0,"""Ｖｏパフォーマンス１１"""
LobbyAction_fourpose#0,"""「４」ポーズ"""
LobbyAction_943cheerup#0,"""励ます"""
LobbyAction_950aisatsu#0,"""おじぎ"""
LobbyAction_hello2re#0,"""挨拶２+"""
LobbyAction_944look#0,"""手のひらを見る"""
LobbyAction_972performance#0,"""Ｖｏパフォーマンス１２"""
LobbyAction_hinadan#0,"""観覧席"""
LobbyAction_fivepose#0,"""「５」ポーズ"""
LobbyAction_graffiti#0,"""らくがき"""
LobbyAction_953sonkei#0,"""礼４"""
LobbyAction_947sit#0,"""座る８"""
LobbyAction_954hurue#0,"""迫りくる恐怖"""
LobbyAction_pccollabo#0,"""Intel"""
LobbyAction_fgoo#0,"""グー"""
LobbyAction_foyayubi#0,"""親指"""
LobbyAction_fhitosashi#0,"""人差し指"""
LobbyAction_fkoyubi#0,"""小指"""
LobbyAction_Pchair_viri#0,"""フォトンチェア深緑"""
LobbyAction_Pchair_green#0,"""フォトンチェア緑"""
LobbyAction_Pchair_sky#0,"""フォトンチェア水"""
LobbyAction_Pchair_blue#0,"""フォトンチェア青"""
LobbyAction_Pchair_purple#0,"""フォトンチェア紫"""
LobbyAction_Pchair_pink#0,"""フォトンチェア桃"""
LobbyAction_Pchair_red#0,"""フォトンチェア赤"""
LobbyAction_Pchair_oran#0,"""フォトンチェア橙"""
LobbyAction_Pchair_yellow#0,"""フォトンチェア黄"""
LobbyAction_Pchair_whiti#0,"""フォトンチェア白"""
LobbyAction_Pchair_gold#0,"""フォトンチェア金"""
LobbyAction_Pchair_black#0,"""フォトンチェア黒"""
LobbyAction_Pchair_rappy#0,"""フォトンチェア・ラッピー"""
LobbyActionCategory_99#0,"""ロビアク：お気に入り"""
LobbyActionCategory_1#0,"""ロビアク：基本"""
LobbyActionCategory_4#0,"""ロビアク：追加1"""
LobbyActionCategory_5#0,"""ロビアク：追加2"""
LobbyActionCategory_6#0,"""ロビアク：追加3"""
LobbyActionCategory_7#0,"""ロビアク：追加4"""
LobbyActionCategory_8#0,"""ロビアク：追加5"""
LobbyActionCategory_9#0,"""ロビアク：追加6"""
LobbyActionCategory_10#0,"""ロビアク：追加7"""
LobbyActionCategory_11#0,"""ロビアク：追加8"""
LobbyActionCategory_12#0,"""ロビアク：追加9"""
LobbyActionCategory_13#0,"""ロビアク：追加10"""
LobbyActionCategory_14#0,"""ロビアク：追加11"""
LobbyActionCategory_15#0,"""ロビアク：追加12"""
LobbyActionCategory_16#0,"""ロビアク：追加13"""
LobbyActionCategory_17#0,"""ロビアク：追加14"""
LobbyActionCategory_18#0,"""ロビアク：追加15"""
LobbyActionCategory_19#0,"""ロビアク：ポーズ1"""
LobbyActionCategory_20#0,"""ロビアク：ポーズ2"""
LobbyActionCategory_21#0,"""ロビアク：ポーズ3"""
LobbyActionCategory_22#0,"""ロビアク：ポーズ4"""
LobbyActionCategory_23#0,"""ロビアク：NPCポーズ1"""
LobbyActionCategory_24#0,"""ロビアク：NPCポーズ2"""
LobbyActionCategory_25#0,"""ロビアク：NPCポーズ3"""
LobbyActionCategory_26#0,"""ロビアク：NPCポーズ4"""
LobbyActionCategory_27#0,"""ロビアク：パフォーマンス1"""
LobbyActionCategory_28#0,"""ロビアク：パフォーマンス2"""
LobbyActionCategory_29#0,"""ロビアク：パフォーマンス3"""
LobbyActionCategory_30#0,"""ロビアク：パフォーマンス4"""
LobbyActionCategory_31#0,"""ロビアク：コラボ1"""
LobbyActionCategory_32#0,"""ロビアク：コラボ2"""
LobbyActionCategory_33#0,"""ロビアク：コラボ3"""
LobbyActionCategory_2#0,"""ロビアク：人文字"""
LobbyActionCategory_3#0,"""フォトンチェア"""
LobbyAction_MonomanePayAction#0,"""このロビーアクションの実行には、対応チケットが必要です。"""
LobbyActionCategoryTab_99#0,"""0.お気に入り"""
LobbyActionCategoryTab_0#0,"""1.すべて表示"""
LobbyActionCategoryTab_1#0,"""$(0).基本"""
LobbyActionCategoryTab_4#0,"""$(0).追加1"""
LobbyActionCategoryTab_5#0,"""$(0).追加2"""
LobbyActionCategoryTab_6#0,"""$(0).追加3"""
LobbyActionCategoryTab_7#0,"""$(0).追加4"""
LobbyActionCategoryTab_8#0,"""$(0).追加5"""
LobbyActionCategoryTab_9#0,"""$(0).追加6"""
LobbyActionCategoryTab_10#0,"""$(0).追加7"""
LobbyActionCategoryTab_11#0,"""$(0).追加8"""
LobbyActionCategoryTab_12#0,"""$(0).追加9"""
LobbyActionCategoryTab_13#0,"""$(0).追加10"""
LobbyActionCategoryTab_14#0,"""$(0).追加11"""
LobbyActionCategoryTab_15#0,"""$(0).追加12"""
LobbyActionCategoryTab_16#0,"""$(0).追加13"""
LobbyActionCategoryTab_17#0,"""$(0).追加14"""
LobbyActionCategoryTab_18#0,"""$(0).追加15"""
LobbyActionCategoryTab_19#0,"""$(0).ポーズ1"""
LobbyActionCategoryTab_20#0,"""$(0).ポーズ2"""
LobbyActionCategoryTab_21#0,"""$(0).ポーズ3"""
LobbyActionCategoryTab_22#0,"""$(0).ポーズ4"""
LobbyActionCategoryTab_23#0,"""$(0).NPCポーズ1"""
LobbyActionCategoryTab_24#0,"""$(0).NPCポーズ2"""
LobbyActionCategoryTab_25#0,"""$(0).NPCポーズ3"""
LobbyActionCategoryTab_26#0,"""$(0).NPCポーズ4"""
LobbyActionCategoryTab_27#0,"""$(0).パフォーマンス1"""
LobbyActionCategoryTab_28#0,"""$(0).パフォーマンス2"""
LobbyActionCategoryTab_29#0,"""$(0).パフォーマンス3"""
LobbyActionCategoryTab_30#0,"""$(0).パフォーマンス4"""
LobbyActionCategoryTab_31#0,"""$(0).コラボ1"""
LobbyActionCategoryTab_32#0,"""$(0).コラボ2"""
LobbyActionCategoryTab_33#0,"""$(0).コラボ3"""
LobbyActionCategoryTab_2#0,"""$(0).人文字"""
LobbyActionCategoryTab_3#0,"""$(0).フォトンチェア"""
LobbyActionCategoryTab_Used#0,"""最近使ったもの"""
LobbyActionSex_0#0,"""男性ポーズ"""
LobbyActionSex_1#0,"""女性ポーズ"""
LobbyAction_Random#0,"""ランダム"""
LobbyAction_None#0,"""なし"""
LobbyAction_cancel#0,"""標準のポーズに戻す"""
LobbyAction_Favorite_Add#0,"""お気に入り登録"""
LobbyAction_Favorite_Delete#0,"""お気に入り解除"""
LobbyAction_Favorite_Up#0,"""1つ上に移動"""
LobbyAction_Favorite_Down#0,"""1つ下に移動"""
LobbyAction_Favorite_Top#0,"""リストの一番上に移動"""
LobbyAction_Favorite_Bottom#0,"""リストの一番下に移動"""
LobbyAction_Favorite_Add_Msg#0,"""ロビーアクション「$(0)」をお気に入り登録しました（$(1)/$(2)）"""
LobbyAction_Favorite_Add_ErrorMsg#0,"""登録限界数に達しているため、登録できませんでした（$(0)/$(1)）"""
LobbyAction_Favorite_Delete_Msg#0,"""ロビーアクション「$(0)」をお気に入り解除しました（$(1)/$(2)）"""
LobbyActionText#0,"""<%NextTabDetails><pict 4space><yellow>お気に入り登録/編集<c>"""
VITA_LobbyActionText#0,"""<pict Sign_select><yellow>お気に入り登録/編集<c>"""
VITA_FavoritesSwitching#0,"""<pict Sign_select>すべて/お気に入り 切替"""
LobbyAction_TypeA#0,"""<%MultiSelect><pict 4space>+<pict 4space><%Decide><yellow>別タイプアクション<c>"""
LobbyActionLogWindow_TypeA#0,"""<%MultiSelect><pict 4space>+<pict 4space><%Decide><yellow>別タイプアクション<c>"""
LobbyAction_TypeB#0,"""<%MultiSelect><pict 4space>+<pict 4space><%Decide><yellow>別タイプアクション<c>"""
LobbyActionLogWindow_TypeB#0,"""<%MultiSelect><pict 4space>+<pict 4space><%Decide><yellow>別タイプアクション<c>"""
LobbyAction_TypeC#0,"""<pict Sign_TRIANGLE>+<pict Sign_CIRCLE><yellow>異性アクションの実行<c>"""
LobbyActionLogWindow_TypeC#0,"""<pict Sign_TRIANGLE>+<pict Sign_CIRCLE><yellow>異性アクション<c>"""
ChangeCtrWindow#0,"""<%ChangeCtrlWindowForward><pict 4space><yellow>操作ウィンドウ切り替え<c>"""
LobbyAction_Disable_Toast#0,"""このロビーアクションは、エステ内では使用できません。"""
LobbyAction_FingerSelect#0,"""<%Function><pict 4space><yellow>手のポーズ<c>"""
LobbyAction_FingerSelect_gray#0,"""<%Function><pict 4space><gray>手のポーズ<c>"""
LobbyAction_Finger_default#0,"""標準"""
LobbyAction_FingerSelect_BothHands#0,"""両手"""
LobbyAction_FingerSelect_RightHand#0,"""右手"""
LobbyAction_FingerSelect_LeftHand#0,"""左手"""
Title_ViewMode#0,"""-"""
Title_NewChannel#0,"""-"""
OpenChannelTab#0,"""-"""
ChannelPopupItem1#0,"""-"""
ChannelPopupItem2#0,"""-"""
ChannelPopupItem3#0,"""-"""
TabHeader1#0,"""-"""
TabHeader2#0,"""-"""
SaveAccount#0,"""アカウントを保存"""
SavePassword#0,"""パスワードを保存"""
title#0,"""ログイン履歴（最大50件まで）"""
login_history_date#0,"""ログイン日時"""
login_history_ip#0,"""接続IPアドレス"""
login_history_status#0,"""ステータス"""
login_history_supplement#0,"""※身に覚えのない<yellow>ログイン<c>や<yellow>メール認証<c>が行われていた場合は、サポートへお問い合わせください。※"""
State_OK#0,"""<green>ログインしました<c>"""
State_OK_PcAuth#0,"""<red>メール認証しました<c>"""
State_Error_Account#0,"""<yellow>ログインエラー<c>"""
State_Error_PcAuth#0,"""<yellow>メール認証エラー<c>"""
State_Error_PcAuth_send#0,"""<yellow>認証メール送信済み<c>"""
State_Error_OTP#0,"""<yellow>ワンタイムパスワードエラー<c>"""
State_Reject_Maintenance#0,"""メンテナンス中でした"""
State_Reject_System#0,"""ログインできませんでした"""
NoDataError#0,"""情報を取得できませんでした。"""
IPAddress#0,"""$(0).$(1).$(2).$(3)"""
DateWeek#0,"""$(0)年$(1)月$(2)日($(3))"""
DateWeek_v#0,"""$(0)/$(1)/$(2)/($(3))"""
DateTime#0,"""$(0)時$(1)分"""
DateTime_v#0,"""$(0):$(1)"""
Sunday#0,"""日"""
Monday#0,"""月"""
Tuesday#0,"""火"""
Wednesday#0,"""水"""
Thursday#0,"""木"""
Friday#0,"""金"""
Saturday#0,"""土"""
Logout_Title#0,"""ゲーム終了"""
Logout_Message#0,"""ゲームを終了してよろしいですか？"""
Logout_Wait_Message#0,"""ログアウト処理中です"""
AutoLogoutWarning_Title#0,"""注意"""
AutoLogoutWarning_Message#0,"""一定時間チャレンジクエストの開始が<br>確認されませんでした。<br><br><yellow>$(0)<c>以内にこのウィンドウを閉じないと、<br>自動でログアウトが行われます。<br>このウィンドウを閉じれば、自動ログアウトを中断します。<br><br><yellow>※共通シップでは、一定時間チャレンジクエストを<br>開始しないでいると、自動でログアウトが行われます。<c>"""
AutoLogoutDone_Title#0,"""お知らせ"""
AutoLogoutDone_Message#0,"""一定時間チャレンジクエストの開始が<br>確認されませんでしたので、ログアウトしました。<br><br>共通シップでは、一定時間チャレンジクエストを<br>開始しないでいると、自動でログアウトを行います。<br><br>タイトル画面に戻ります。"""
AutoLogoutWarning_Message_InChallengeShip#0,"""一定時間チャレンジクエストの開始が<br>確認されませんでした。<br><br><yellow>$(0)<c>以内にこのウィンドウを閉じないと、<br>自動でログアウトが行われます。<br>このウィンドウを閉じれば、自動ログアウトを中断します。<br><br><yellow>※共通シップでは、一定時間チャレンジクエストを<br>開始しないでいると、自動でログアウトが行われます。<c>"""
AutoLogoutDone_Message_InChallengeShip#0,"""一定時間チャレンジクエストの開始が<br>確認されませんでしたので、ログアウトしました。<br><br>共通シップでは、一定時間チャレンジクエストを<br>開始しないでいると、自動でログアウトを行います。<br><br>タイトル画面に戻ります。"""
AutoLogoutWarning_Message_InPokaShip#0,"""<c ff9c70>■自動ログアウト警告■<c><br>バトルアリーナでは、マッチングを開始しないまま<br>一定時間が経過すると、自動ログアウトします。<c><br><br><yellow>$(0)<c>以内にこのウィンドウを閉じることで<br>自動ログアウトを中断し、ゲームを継続できます。"""
AutoLogoutDone_Message_InPokaShip#0,"""<yellow>マッチングを開始しないまま<br>一定時間が経過したため、自動ログアウトしました。<c><br><br>※バトルアリーナでは、マッチングを開始しないまま<br>\u3000一定時間が経過すると、自動ログアウトします。<br><br>タイトル画面に戻ります。"""
PopupItem1#0,"""-"""
PopupItem2#0,"""-"""
PopupItem3#0,"""-"""
PopupItem4#0,"""-"""
PopupItem5#0,"""-"""
PopupItem6#0,"""-"""
PopupItem7#0,"""-"""
PopupItem8#0,"""-"""
PopupItem9#0,"""-"""
LogKind_All#0,"""ログ：すべて"""
LogKind_Custom#0,"""ログ：すべて表示"""
LogKind_Public#0,"""ログ：周囲"""
LogKind_Party#0,"""ログ：パーティー"""
LogKind_Guild#0,"""ログ：チーム"""
LogKind_System#0,"""ログ：システム"""
LogKind_NPC#0,"""ログ：キャラクター"""
LogKind_Whisper#0,"""ログ：ウィスパー"""
LogKind_Channel#0,"""-"""
LogBalloon_All#0,"""0.すべて表示"""
LogBalloon_Custom#0,"""0.すべて表示"""
LogBalloon_Public#0,"""1.周囲"""
LogBalloon_Party#0,"""<pict Party><pict 4space>2.パーティー"""
LogBalloon_Guild#0,"""<pict Guild><pict 4space>3.チーム"""
LogBalloon_System#0,"""7.システム"""
LogBalloon_NPC#0,"""6.キャラクター"""
LogBalloon_Whisper#0,"""<pict Whisper><pict 4space>4.ウィスパー"""
LogRange_Public#0,"""1.周囲に発言"""
LogRange_Party#0,"""<pict Party><pict 4space>2.パーティーに発言"""
LogRange_Guild#0,"""<pict Guild><pict 4space>3.チームに発言"""
LogRange_Whisper#0,"""<pict Whisper><pict 4space>4.ウィスパーで発言"""
LogRangeTab_Public#0,"""1.周囲"""
LogRangeTab_Party#0,"""<pict Party><pict 4space>2.パーティー"""
LogRangeTab_Guild#0,"""<pict Guild><pict 4space>3.チーム"""
LogRangeTab_Whisp#0,"""<pict Whisper><pict 4space>4.ウィスパー"""
WhisperSendTo#0,"""$(0) に発言"""
LogName_System#0,"""System"""
LogButton_Send#0,"""発言"""
LogButton_Input#0,"""<%ChatStart><pict 4space>でチャット開始"""
LogButton_Input_ooo#0,"""<%ChatStart>でチャット開始"""
LogButton_DirectChat#0,"""<pict 4space>ダイレクトチャットモード"""
LogButton_Range_Vita#0,"""発言先"""
LogButton_Log_Vita#0,"""ログ"""
LogButton_Reset_Vita#0,"""全削除"""
LogToast_ShortLog#0,"""ショートログ表示開始。自分をタッチすると非表示になります。"""
LogShortCutEdit#0,"""編集完了"""
LogButton_Balloon#0,"""フキダシ"""
LogButton_Manpu#0,"""漫符"""
LogButton_Cutin#0,"""カットイン"""
LogButton_SE#0,"""-"""
LogButton_Voice#0,"""-"""
LogButton_Color#0,"""-"""
LogButton_Emoji#0,"""-"""
LogButton_Twitter#0,"""-"""
LogButton_LobbyAction#0,"""ロビーアクション"""
LogButton_Symbol#0,"""シンボルアート"""
LogButton_Stamp#0,"""スタンプ"""
LogButton_ContinuousInput#0,"""連続入力"""
DirectChatBegin#0,"""ダイレクトチャットを ON にしました。"""
DirectChatEnd#0,"""ダイレクトチャットを OFF にしました。"""
DirectChatEndTmp#0,"""一時的にダイレクトチャットを OFF にします。"""
DirectChatBlacklist#0,"""対象者をブロックリストに登録しているためメッセージを送信できません。"""
Log_Toast_Whisper_Name_Fail#0,"""相手が周囲にいないため、ウィスパーチャットができませんでした。"""
Log_Toast_Unknown_Whisper#0,"""ウィスパーチャットの相手を「…」ボタンから選択してください。"""
Log_Toast_Disable_Whisper_SymbolArt#0,"""ウィスパーチャットでスタンプ、シンボルアート発言はできません。"""
Log_Toast_Disable_TeamChat#0,"""チーム未所属のため、チームに発言できません。発言先をご確認ください。"""
Log_Welcome#0,"""ようこそ、<lt>$(0)<rt>へ！"""
Log_KeyHelp#0,"""ようこそ、<br>『ファンタシースターオンライン2<br>ニュージェネシス』へ！"""
Log_ItemGet#0,"""$(0)を取得しました。"""
Log_CapsuleGet#0,"""仮想アイテム：$(0)を拾得しました。エクストリーム端末で確認可能です。"""
LogSymbolArt#0,"""シンボルアートを表示しました。"""
LogWhisperEmpty#0,"""ウィスパー送受信履歴がありません"""
LogGroupChatEmpty#0,"""このエリアでは利用できません"""
LogWhisperButtonText#0,"""…"""
Tab#0,"""タブ$(0)"""
TabChange_Title#0,"""チャンネルタブ変更"""
Bubble_Normal#0,"""通常"""
Bubble_Surprise#0,"""強調"""
Bubble_Question#0,"""もわもわ"""
ManpuCategory_01#0,"""ポジティブ"""
ManpuCategory_02#0,"""ネガティブ"""
ManpuCategory_03#0,"""ポジティブ組合せ"""
ManpuCategory_04#0,"""ネガティブ組合せ"""
Manpu_None#0,"""なし"""
Manpu_1#0,"""汗1"""
Manpu_2#0,"""汗2"""
Manpu_3#0,"""血管"""
Manpu_4#0,"""エクトプラズム"""
Manpu_5#0,"""たれ線"""
Manpu_6#0,"""テレ線"""
Manpu_7#0,"""昇天"""
Manpu_8#0,"""がいこつ"""
Manpu_9#0,"""ひらめき"""
Manpu_10#0,"""呆け"""
Manpu_11#0,"""ため息"""
Manpu_12#0,"""ぷんぷん"""
Manpu_13#0,"""不満"""
Manpu_15#0,"""笑い線"""
Manpu_16#0,"""ハート"""
Manpu_17#0,"""音符"""
Manpu_18#0,"""感嘆符"""
Manpu_19#0,"""疑問符"""
Manpu_20#0,"""感嘆疑問符"""
Manpu_21#0,"""眠い"""
Manpu_22#0,"""驚き"""
Manpu_23#0,"""たれ線 + 汗1"""
Manpu_24#0,"""汗2 + テレ線"""
Manpu_25#0,"""不満 + 血管"""
Manpu_26#0,"""血管 + 感嘆符"""
Manpu_27#0,"""たれ線 + ため息"""
Manpu_28#0,"""呆け + テレ線"""
Manpu_29#0,"""テレ線 + ぷんぷん"""
Manpu_30#0,"""エクトプラズム + がいこつ"""
Manpu_31#0,"""ひらめき + 感嘆疑問符"""
Manpu_32#0,"""呆け + ハート"""
Manpu_33#0,"""ぷんぷん + ため息"""
Manpu_34#0,"""不満 + 感嘆符"""
Manpu_35#0,"""不満 + 感嘆疑問符"""
Manpu_36#0,"""驚き + 感嘆符"""
Manpu_37#0,"""笑い線 + ハート"""
Manpu_38#0,"""笑い線 + 音符"""
Manpu_39#0,"""ぷんぷん + 疑問符"""
Cutin_Face_None#0,"""なし"""
Cutin_Face_Normal#0,"""通常"""
Cutin_Face_Smile#0,"""笑顔"""
Cutin_Face_Anger#0,"""怒り"""
Cutin_Face_Sad#0,"""悲しみ"""
Cutin_Face_Dubious#0,"""不信感"""
Cutin_Face_Close#0,"""目閉じ"""
Cutin_Face_Smile2#0,"""笑顔2"""
Cutin_Face_Wink#0,"""ウィンク"""
Cutin_Camera_Front#0,"""正面から"""
Cutin_Camera_SideFront#0,"""斜め横から"""
Cutin_Camera_SideFrontUp#0,"""斜め上から"""
Cutin_Camera_SideFrontDown#0,"""斜め下から"""
Cutin_Camera_Side#0,"""横から"""
LogKind_Group#0,"""ログ：グループ"""
LogTitleLobbyAction#0,"""ロビーアクション選択"""
LogBalloon_Group#0,"""<pict Group><pict 4space>5.グループ"""
LogRange_Public_Challenge#0,"""1.全エリアに発言"""
LogRange_Public_Poka#0,"""1.ユニオンに発言"""
LogRange_Group#0,"""<pict Group><pict 4space>5.グループで発言"""
LogAnnounce_Show#0,"""変更"""
LogAnnounce_Speak#0,"""変更"""
LogAnnounce_Plus#0,"""+"""
LogAnnounce_Delete#0,"""<%Function>1文字削除"""
LogRangeTab_Public_Challenge#0,"""1.全エリア"""
LogRangeTab_Public_Poka#0,"""1.ユニオン"""
LogRangeTab_Group#0,"""<pict Group><pict 4space>5.グループ"""
LogButton_ChatNG#0,"""チャット入力不可"""
LogButton_Shortcut#0,"""<%ChatStart>ショートカット一覧"""
LogButton_Input_Party#0,"""<pict Party><%ChatStart><pict 4space>でチャット開始"""
LogButton_Input_Guild#0,"""<pict Guild><%ChatStart><pict 4space>でチャット開始"""
LogButton_Input_Whisper#0,"""<pict Whisper><%ChatStart><pict 4space>でチャット開始"""
LogButton_ShortcutPad#0,"""<%ChatStartPad><pict 4space>でチャット開始"""
LogButton_ShortcutPad_ooo#0,"""<pict na_view_hold>でチャット開始"""
LogButton_InputPad#0,"""<%ChatStartPad><pict 4space>でチャット開始"""
LogButton_InputPad_ooo#0,"""<pict na_view_hold>でチャット開始"""
LogButton_Input_PartyPad#0,"""<pict Party><%ChatStartPad>でチャット開始"""
LogButton_Input_GuildPad#0,"""<pict Guild><%ChatStartPad><pict 4space>でチャット開始"""
LogButton_Input_WhisperPad#0,"""<pict Whisper><%ChatStartPad>でチャット開始"""
LogButton_DirectChat_Party#0,"""<pict Party><pict 4space>ダイレクトチャットモード"""
LogButton_DirectChat_Guild#0,"""<pict Guild><pict 4space>ダイレクトチャットモード"""
LogButton_DirectChat_Whisper#0,"""<pict Whisper><pict 4space>ダイレクトチャットモード"""
LogButton_ShortcutCloud#0,"""<%MainMenu>長押しでチャット開始"""
LogButton_InputCloud#0,"""<%MainMenu>長押しでチャット開始"""
Log_Toast_Disable_TeamChat_ChallengeShip#0,"""共通シップではチームチャットはご利用いただけません。"""
Log_Toast_Disable_TeamChat_Poka#0,"""現在、チームチャットはご利用いただけません。"""
Log_Toast_Nouse_Poka_Whisper#0,"""対戦中のためウィスパーチャットはご利用いただけません。"""
Log_Toast_Disable_GroupChat#0,"""グループチャットへの発言は、参加メンバーが２名以上必要です。"""
Log_Toast_Disable_GroupChat_NotActive#0,"""表示しているグループがありません。"""
Log_Toast_Disable_GroupChat_NotUseArea#0,"""登録しているグループがありません。"""
LogBoostEventInfo#0,"""イベント情報"""
ArksRanking_JoinText#0,"""アークスリーグに参加しました。<br>詳しくは開催中イベントのアークスリーグをご覧ください。"""
ArksRanking_RewardText#0,"""<pict New>未受取のアークスリーグ報酬があります。<br>アークスリーグ管理官から受け取ってください。"""
GuildAddContentsPointOwn#0,"""$(0)TPを獲得しました。"""
GuildAddContentsPointMix#0,"""共通シップでのプレイにより、$(0)TPを獲得しました。"""
LogTitleLobbyAction_FingerSelect#0,"""手のポーズ"""
NewMail#0,"""新着メール"""
NewFriendLIst#0,"""新着フレンド登録"""
NewParty#0,"""新着パーティー招待"""
NewTeam#0,"""新着チームスカウト"""
NewTrade#0,"""新着トレード申し込み"""
NewPartySet#0,"""新着パーティーメンバー集合"""
NewPartySet_Count#0,"""(あと$(0)秒)"""
NewExpMail#0,"""メールが届きました。"""
NewExpTrade#0,"""トレードの申し込みがありました。"""
NewExpFriendLIst#0,"""フレンド登録を申し込まれました。"""
NewExpParty#0,"""パーティーに招待されました。"""
NewExpTeam#0,"""チームにスカウトされました。"""
NewTitleParty#0,"""パーティー招待への返答"""
NewTitleFriend#0,"""フレンド登録への返答"""
NewTitleTeam#0,"""チームスカウトへの返答"""
NewTitleTrade#0,"""トレードへの返答"""
NewCheckMail#0,"""未定"""
NewCheckFriendList#0,"""$(0)から<br>フレンド登録を申し込まれました。<br>返答ウィンドウを開きますか？<br><br>※「いいえ」を選び、あとでメインメニューの<br>\u3000「フレンドリスト」から返答することもできます。"""
NewCheckParty#0,"""$(0)から<br>パーティーに招待されました。<br>返答ウィンドウを開きますか？<br><br>※「いいえ」を選び、あとでメインメニューの<br>\u3000「パーティーコマンド」から返答することもできます。"""
NewCheckTrade#0,"""$(0)から<br>トレードを申し込まれました。<br>返答ウィンドウを開きますか？"""
NewCheckTeam#0,"""$(0)から<br>チームへのスカウトを申し込まれました。<br>返答ウィンドウを開きますか？<br><br>※「いいえ」を選び、あとでメインメニューの<br>\u3000「チームコマンド」から返答することもできます。"""
PremiumEnd#0,"""プレミアム有効期間の終了が迫っています。"""
NewQuest#0,"""クエスト受注確認"""
NewExpQuest#0,"""クエストに招待されました。"""
PremiumEnd_Inventry#0,"""オプションで「入手アイテムの格納先」に設定された<br>プレミアム倉庫の有効期限が切れています。"""
PetKind00001#0,"""ワンダ"""
PetKind00002#0,"""トリム"""
PetKind00003#0,"""サリィ"""
PetKind00004#0,"""マロン"""
PetKind00005#0,"""メロン"""
PetKind00006#0,"""ヴィオラ"""
PetKind00007#0,"""ラッピー"""
PetKind00008#0,"""シンクロウ"""
PetKind00009#0,"""ジンガ"""
PetKind00010#0,"""エアロ"""
PetKind00011#0,"""ポップル"""
PetKind00012#0,"""レドラン"""
PetKind00013#0,"""グラス"""
download_progress#0,"""インストール中：$(0)％"""
PlayGo_AreaMove_Message#0,"""移動先のエリアのインストールが完了していません。<br>インストールが完了してから、<br>アクセスし直してください。<br><br>インストール中：$(0)％"""
PlayGo_Confirm_Message#0,"""移動先のエリアのデータがありません。<br>追加データをダウンロードしますか？<br><br><yellow>空き容量が不足している場合、<br>ダウンロードできません。<br>データのダウンロードには、<br>長時間かかる場合があります。"""
PlayGo_Confirm_Message_FirstTime#0,"""『ファンタシースターオンライン２\u3000ニュージェネシス』<br>がサービス開始される以前に配信されていた<br>『ファンタシースターオンライン２』をプレイする場合は<br>追加データのダウンロードが必要です。<br><br>『ファンタシースターオンライン２』を<br>すぐにプレイしない場合は「いいえ」を選んでください。<br><br>※「いいえ」を選んだ場合でも<br>\u3000あとからダウンロード可能です。<br><br><yellow>ダウンロードには、長時間かかる場合があります。<c><br><br>追加データをダウンロードしますか？"""
PlayGo_DL_ Notice_Message#0,"""エリアデータのダウンロード中に<br>エラーが発生しました。<br><br>ゲームを再起動して追加データの<br>ダウンロードをやり直してください。"""
PlayGo_IS_ Notice_Message#0,"""エリアデータのインストール中に<br>エラーが発生しました。<br><br>追加データのダウンロードを<br>やり直してください。"""
PlayGo_CharaSelect_Title#0,"""メッセージ"""
PlayGo_CharaSelect_Message#0,"""<yellow>現在データをインストール中です。<c><br><br>インストールが完了するまで<br>キャラクター選択や、特定エリアへの移動など<br>一部機能がご利用できません。<br><br>インストールが完了した後、<br>改めて選択してください。"""
PlayGo_IS_Uncompleted_Message#0,"""移動先のエリアのインストールが完了していません。<br>インストールが完了してから、<br>アクセスし直してください。"""
AcQuickChargeCoin#0,"""$(0)<pict Arcscash>"""
AcQuickChargePrice#0,"""$(0)円(税込)"""
AcQuickChargeTitle#0,"""ACクイックチャージ確認"""
AcQuickChargeMessage#0,"""お支払用クレジットカードで<br>以下のACチャージ額を購入します。<br>よろしいですか？<br><br>ACチャージ額：$(0)<br>価格：$(1)"""
AcQuickChargeCompTitle#0,"""ACクイックチャージ"""
AcQuickChargeComp#0,"""<pict Arcscash>ACクイックチャージが完了しました。"""
AcChargeComp#0,"""<pict Arcscash>$(0)AC のチャージが完了しました。"""
AcQuickChargeErrorTitle#0,"""ACチャージエラー"""
AcQuickChargeError#0,"""ACクイックチャージに失敗しました。"""
MenuCharge#0,"""ACクイックチャージ"""
MenuButtonChargeGo#0,"""ACクイックチャージする"""
MenuButtonChancel#0,"""キャンセル"""
MenuButtonWebGo#0,"""Webページからチャージする"""
MenuButtonPsStoreGo#0,"""PlayStation®StoreからACチャージする"""
MenuButtonLawConfirm#0,"""特定商取引に関する法律に基づく表示"""
Acnum#0,"""ACチャージ額"""
ACPrice#0,"""価格"""
Quick_Guide#0,"""購入するACチャージ額を選択し<br>「ACクイックチャージする」を選択してください。<br><br>「Webページからチャージする」を選ぶと<br>Webで登録情報変更やACチャージができます。"""
Quick_Guide_PS4#0,"""購入するACチャージ額を選択し<br>「ACクイックチャージする」を選択してください。<br><br>「PlayStation®StoreからACチャージする」を<br>選ぶこともできます。"""
ACChargeSelect_Title#0,"""ACチャージ方法の選択"""
ACChargeSelect_Message#0,"""ACのチャージ方法を選択してください。"""
ACChargeSelect_Button_Quick#0,"""ACクイックチャージ"""
ACChargeSelect_Button_Web#0,"""SEGA IDでチャージ"""
ACChargeSelect_Button_LinePay#0,"""<pict linepay_icon>でチャージ"""
ACChargeSelect_Button_MerPay#0,"""<pict merpay_icon>でチャージ"""
ACChargeSelect_Button_NeShop#0,"""ニンテンドーeショップでチャージ"""
ACChargeSelect_Desc_Quick#0,"""「ACクイックチャージ」設定済のため、<br>ゲーム内でACをチャージできます。"""
ACChargeSelect_Desc_Web#0,"""「アークスキャッシュ（AC）購入ページ」を<br>ブラウザーで開きます。<br><br>※SEGA IDが必要となります。<br>※「ACクイックチャージ」設定を行うと、<br>\u3000以後はゲーム内でACチャージが可能です。"""
ACChargeSelect_Desc_LinePay#0,"""LINE PayでACをチャージします。<br><br>二次元コードを読み取るために、<br>スマートフォンやタブレットなどの端末上に<br>アプリケーション「LINE」が必要です。<br><br>また、<yellow>未成年の方のご利用には<br>保護者の同意が必要<c>となります。"""
ACChargeSelect_Desc_MerPay#0,"""メルペイでACをチャージします。<br><br>二次元コードを読み取るために、<br>スマートフォンやタブレットなどの端末上に<br>アプリケーション「メルカリ」が必要です。<br><br>また、<yellow>未成年の方のご利用には<br>保護者の同意が必要<c>となります。"""
ACChargeSelect_Desc_NeShop#0,"""ニンテンドーeショップでACをチャージします。"""
PayCharge_MenuTitle#0,"""LINE Payでチャージ"""
PayCharge_MenuTitle_MerPay#0,"""メルペイでチャージ"""
PayCharge_MenuQRButton#0,"""次へ"""
PayCharge_MenuReturnButton#0,"""戻る"""
PayCharge_MenuExplain#0,"""購入するACチャージ額を選択し<br>「次へ」を押してください。"""
PayCharge_MenuDetails#0,"""LINE PayでACをチャージします。<br><br>選択した価格分の金額がLINE Payの<br>残高から引かれます。<br><br>LINE Payを利用するには<br>スマートフォンやタブレットなどの端末上に<br>アプリケーション「LINE」が必要です。<br><br><yellow>【LINEのインストールはこちら】<c>"""
PayCharge_MenuDetails_Merpay#0,"""メルペイでACをチャージします。<br><br>選択した価格分の金額が<br>メルペイで支払われます。<br><br>メルペイを利用するには<br>スマートフォンやタブレットなどの端末上に<br>アプリケーション「メルカリ」が必要です。<br><br><yellow>【メルカリのインストールはこちら】<c>"""
PayCharge_QRTitle#0,"""LINE Payでチャージ"""
PayCharge_QRTitle_MerPay#0,"""メルペイでチャージ"""
PayCharge_QRExplainUp#0,"""購入するACチャージ額と価格を確認し<br>右記の手順で二次元コードを読み取ってください。"""
PayCharge_QRExplainDown#0,"""コード番号：$(0)"""
PayCharge_QRDetails#0,"""アプリケーション「LINE」を起動して<br>表示されている二次元コードを<br>読み取ってください。<br><br><yellow>【読み取り方】<c><br>スマートフォンやタブレットの端末上で<br>LINEを起動し、「ウォレット」タブ内の<br>「コードリーダー」を選択して二次元コードを<br>読み取ってください。<br><br><yellow>【二次元コードが読み取れない時は】<c><br>「コードリーダー」の画面下部にある<br>「コード番号を入力」をタップして<br>二次元コード下にあるコード番号を<br>入力してください。"""
PayCharge_QRDetails_MerPay#0,"""アプリケーション「メルカリ」を起動して<br>表示されている二次元コードを<br>読み取ってください。<br><br><yellow>【読み取り方】<c><br>スマートフォンやタブレットの端末上で<br>メルカリを起動し、「メルペイ」タブ内の<br>「読み取り」を選択して二次元コードを<br>読み取ってください。"""
PayCharge_RedrawTitle#0,"""二次元コード更新確認"""
PayCharge_RedrawMessage#0,"""二次元コードの表示期限が過ぎました。<br>「更新」を押して、再度表示してください。"""
PayCharge_RedrawYes#0,"""更新"""
PayCharge_RedrawNo#0,"""キャンセル"""
PayCharge_TimeOut#0,"""<space>"""
PayCharge_AgeCheckTitle#0,"""ご利用上の注意"""
PayCharge_AgeCheckMessage#0,"""未成年（20歳未満）の方は、<br>ACをチャージする時に<br>保護者の許可が必要です。<br><br>保護者の許可をもらった方、<br>または未成年ではない方は、<br>「承諾して次へ」を押してください。"""
PayCharge_AgeCheckYes#0,"""承諾して次へ"""
PayCharge_AgeCheckNo#0,"""戻る"""
PayCharge_ChargeErrorTitle#0,"""ACチャージ確認"""
PayCharge_ChargeErrorMessage#0,"""通信に問題があったため<br>チャージを完了できませんでした。<br>再度チャージをお試しください。"""
PayCharge_AutoPayment_Confirm_Title#0,"""LINE Pay支払い確認"""
PayCharge_AutoPayment_Confirm_Message#0,"""前回使用したLINE Payの残高から、以下のACチャージ額を購入します。<br>よろしいですか？<br><br>ACチャージ額：$(0)<br>価格：$(1)<br><br>※LINE Payの<yellow>クーポンをご利用になる場合<c>は<br>\u3000\u3000「コード支払いへ」を選択してください。"""
PayCharge_AutoPayment_Confirm_QR_Button#0,"""コード支払いへ"""
PayCharge_AutoPayment_Complete_Title#0,"""ACチャージ"""
PayCharge_AutoPayment_Complete_Message#0,"""ACのチャージが完了しました。"""
PayCharge_AutoPayment_Error_Title#0,"""ACチャージエラー"""
PayCharge_AutoPayment_Error_Message#0,"""LINE Payの支払いに失敗しました。<br>残高が不足していないかご確認ください。"""
PayCharge_AutoPayment_CheckBox_Unregistered#0,"""次回以降の支払い時、コード読み取りを不要にする"""
PayCharge_AutoPayment_CheckBox_Registered#0,"""前回使用したLINE Payの残高から支払う"""
Title#0,"""種族"""
Human#0,"""ヒューマン"""
Newman#0,"""ニューマン"""
Cast#0,"""キャスト"""
Dewman#0,"""デューマン"""
All#1,"""全種族"""
NoHuman#0,"""ヒューマン以外"""
NoNewman#0,"""ニューマン以外"""
NoCast#0,"""キャスト以外"""
NoDewman#0,"""デューマン以外"""
Broken_Vita#0,"""ロードに失敗しました。<br>$(0)データが破損していた為<br>新しいセーブデータを上書きしました。"""
Type_1#0,"""オプション"""
Type_2#0,"""システム"""
Type_3#0,"""クリエイト"""
Type_4#0,"""ポートレート"""
Initialize#0,"""セーブデータ作成中...$(0)％"""
Type_5#0,"""ウィンドウ設定"""
Notice_Title#0,"""アイテム取引パスワード未設定"""
Notice_Text#0,"""「アイテム取引パスワード」とは、<br>不正なログインによりアイテムの取引が<br>行われることを防ぐためのものです。<br><br>アイテムトレード等の機能をご利用頂くには、<br>アイテム取引パスワードの設定が必要です。<br><br>パスワードは、他人から推測されづらくするため<br>生年月日・住所・電話番号などの個人情報、および<br>同じ数字や連番など<yellow>安易に推測される数字<c>を<br>設定しないよう、ご注意ください。"""
Notice_Button1#0,"""決定"""
Notice_Button2#0,"""キャンセル"""
Edit_Title#0,"""アイテム取引パスワード登録"""
Edit_Text#0,"""パスワードを入力してください。(半角<yellow>数字<c>5文字)"""
Edit_Menu1#0,"""パスワード"""
Edit_Menu2#0,"""再入力"""
Edit_Notice#0,"""登録したアイテム取引パスワードは<br>アイテムを取引する際に必要となります。<br><br>安全のため、右に表示されているボタンから<br>マウスでパスワードを入力してください。"""
Edit_NoticeV#0,"""登録したアイテム取引パスワードは<br>アイテムを取引する際に必要となります。"""
Edit_Button1#0,"""決定"""
Edit_Button2#0,"""キャンセル"""
Edit_KeyShuffle#0,"""シャッフル"""
Edit_KeyShow#0,"""表示"""
Edit_KeyHide#0,"""非表示"""
Error_Title#0,"""アイテム取引パスワード"""
Error_Button1#0,"""OK"""
Input_Error_Text1#0,"""パスワードと再入力は同じものを入力してください。"""
Input_Error_Text2#0,"""新パスワードと再入力は同じものを入力してください。"""
Input_Error_Text3#0,"""パスワードが正しく入力されていません。"""
Complete_Title#0,"""アイテム取引パスワードの登録"""
Complete_Text#0,"""アイテム取引パスワードが登録されました。"""
Complete_Button1#0,"""OK"""
Edit_Error_Title#0,"""エラー"""
Edit_Error_Button1#0,"""OK"""
Entry_Title#0,"""アイテム取引パスワード入力"""
Entry_Text#0,"""パスワードを入力してください。(半角<yellow>数字<c>5文字)"""
Entry_Menu1#0,"""パスワード"""
Entry_Notice#0,"""安全のため、右に表示されているボタンから<br>マウスでパスワードを入力してください。<br><br>正しくないパスワードが6回入力されると<br>アイテム取引パスワードがロックされます。<br>パスワードの変更、リセットを行う場合は<br>「変更/リセット」を選択してください。"""
Entry_NoticeV#0,"""正しくないパスワードが6回入力されると<br>アイテム取引パスワードがロックされます。<br><yellow>パスワードを忘れた場合は、オンラインマニュアルの<br>「アイテム取引パスワード」項目をご確認ください。<c>"""
Entry_Button1#0,"""決定"""
Entry_Button2#0,"""キャンセル"""
Entry_Text2#0,"""アイテム取引パスワードを変更・解除できます。"""
Entry_Button3#0,"""変更/リセット"""
Entry_Button4#0,"""解除"""
Lock_Title#0,"""エラー"""
Lock_Button1#0,"""OK"""
Change_Title#0,"""アイテム取引パスワード変更"""
Change_Text#0,"""パスワードを入力してください。(半角<yellow>数字<c>5文字)"""
Change_Menu1#0,"""旧パスワード"""
Change_Menu2#0,"""新パスワード"""
Change_Menu3#0,"""再入力"""
Change_Notice#0,"""安全のため、右に表示されているボタンから<br>マウスでパスワードを入力してください。<br>パスワードをリセットする場合は<br>「パスワードのリセット」を選択してください。"""
Change_NoticeV#0,"""登録したアイテム取引パスワードは<br>アイテムを取引する際に必要となります。<br><br>パスワードをリセットする場合は<br>「パスワードのリセット」を選択してください。"""
Change_Button2#0,"""キャンセル"""
Change2_Title#0,"""確認"""
Change2_Text#0,"""アイテム取引パスワードを変更します。<br>よろしいですか？"""
Change2_Button1#0,"""はい"""
Change2_Button2#0,"""いいえ"""
Changed_Title#0,"""アイテム取引パスワード変更"""
Changed_Text#0,"""アイテム取引パスワードが変更されました。"""
Changed_Button1#0,"""OK"""
Remove_Title#0,"""アイテム取引パスワード解除"""
Remove_Text#0,"""パスワードを入力してください。(半角<yellow>数字<c>5文字)"""
Remove_Menu1#0,"""パスワード"""
Remove_Notice#0,"""安全のため、右に表示されているボタンから<br>マウスでパスワードを入力してください。<br><br>正しくないパスワードが6回入力されると<br>アイテム取引パスワードがロックされます。"""
Remove_NoticeV#0,"""正しくないパスワードが6回入力されると<br>アイテム取引パスワードがロックされます。<br><yellow>パスワードを忘れた場合は、オンラインマニュアルの<br>「アイテム取引パスワード」項目をご確認ください。<c>"""
Remove_Button1#0,"""解除"""
Remove_Button2#0,"""キャンセル"""
Remove2_Title#0,"""確認"""
Remove2_Text#0,"""アイテム取引パスワードを解除します。<br>よろしいですか？"""
Remove2_Button1#0,"""はい"""
Remove2_Button2#0,"""いいえ"""
Removed_Title#0,"""アイテム取引パスワード解除"""
Removed_Text#0,"""アイテム取引パスワードを解除しました。"""
Removed_Button1#0,"""OK"""
Edit_NoticePS4#0,"""登録したアイテム取引パスワードは<br>アイテムを取引する際に必要となります。<br><br>右に表示されているボタンから、マウスを使って<br>パスワードを入力することも可能です。"""
Entry_NoticePS4#0,"""右に表示されているボタンから、マウスを使って<br>パスワードを入力することも可能です。<br><br>正しくないパスワードが6回入力されると<br>アイテム取引パスワードがロックされます。<br><yellow>パスワードを忘れた場合は、オンラインマニュアルの<br>「アイテム取引パスワード」項目をご確認ください。<c>"""
Entry_Button5#0,"""パスワードのリセット"""
Change_NoticePS4#0,"""右に表示されているボタンから、マウスを使って<br>パスワードを入力することも可能です。<br>パスワードをリセットする場合は<br>「パスワードのリセット」を選択してください。"""
Remove_NoticePS4#0,"""右に表示されているボタンから、マウスを使って<br>パスワードを入力することも可能です。<br><br>正しくないパスワードが6回入力されると<br>アイテム取引パスワードがロックされます。"""
Erase_Title#0,"""アイテム取引パスワードのリセット"""
Erase_Text#0,"""お客様のプレイ環境を確認し、変更がなければ<br>アイテム取引パスワードのリセットを行います。<br><br>リセットを行いますか？"""
Erased_Text#0,"""アイテム取引パスワードをリセットしました。"""
VitaOpenWeb_Title#0,"""ブラウザー起動確認"""
VitaOpenWeb_Text#0,"""Webページへ移動します。<br>ログアウトしてゲームを終了しますが<br>よろしいですか？"""
Erase_Error#0,"""お客様が現在プレイされている環境では、<br>アイテム取引パスワードをリセットできません。<br><br>アイテム取引パスワードのリセットは<br>サポートページでも、受け付けております。<br><br>サポートページより、リセット申請を行いますか？"""
Title#1,"""タイプ"""
Male#0,"""タイプ1"""
Female#0,"""タイプ2"""
All#2,"""すべて"""
TypeA#0,"""タイプ1"""
TypeB#0,"""タイプ2"""
GmMsg_000#0,"""予告：$(0)月$(1)日$(2)時$(3)分よりアークスシップ全艦を挙げての第$(4)回アークスシップ対抗戦を開催予定。多くのアークスの参加を期待している。以上。"""
GmMsg_001#0,"""通達：現在、第$(0)回アークスシップ対抗戦\u3000第$(1)ラウンドを開催中。参加するアークス各員は目標を確認し、状況を開始せよ。以上。"""
GmMsg_002#0,"""予告：$(0)月$(1)日$(2)時$(3)分より第$(4)ラウンドを開始する。参加するアークス各員は準備を整え待機せよ。以上。"""
GmMsg_003#0,"""通達：これより第$(0)ラウンドを開始する。参加するアークス各員は目標を確認し、状況を開始せよ。以上。"""
GmMsg_004#0,"""通達：第$(0)ラウンドの終了を宣言する。結果発表まで、しばし待機せよ。以上。"""
GmMsg_005#0,"""報告：$(0)月$(1)日$(2)時$(3)分よりショップエリア、巨大モニター前にて、先ほど終了した第$(4)ラウンドの結果発表を行う。以上。"""
GmMsg_006#0,"""通達：現時刻を以て、アークスシップ全艦を挙げての第$(0)回アークスシップ対抗戦を終了する。全アークスの健闘に感謝する。最終結果の発表まで、今しばし待機せよ。以上。"""
GmMsg_007#0,"""報告：$(0)月$(1)日$(2)時$(3)分より第$(4)回アークスシップ対抗戦最終結果の発表をショップエリア、巨大モニター前にて行う。至急集合されたし。以上。"""
GmMsgF_000#0,"""ご連絡：$(0)月$(1)日$(2)時$(3)分よりアークスシップ全艦をあげての第$(4)回アークスシップ対抗戦を開催いたします。"""
GmMsgF_001#0,"""お知らせ：現在、第$(0)回アークスシップ対抗戦\u3000第$(1)ラウンドを開催中となります。皆々様、ご健闘いただけると幸いです。"""
GmMsgF_002#0,"""ご連絡：$(0)月$(1)日$(2)時$(3)分より第$(4)ラウンドとなります。参加される皆々様につきましては、ご準備のほどを宜しくお願いいたします。"""
GmMsgF_004#0,"""お知らせ：第$(0)ラウンドは終了となります。皆々様、結果発表まで今しばしお待ちいただきますよう、宜しくお願いいたします。"""
GmMsgF_005#0,"""ご報告：$(0)月$(1)日$(2)時$(3)分よりショップエリア、巨大モニター前にて、先程終了いたしましたラウンドの結果発表を行います。皆々様、お集まりくださいませ。"""
GmMsgF_006#0,"""お知らせ：現時刻をもちまして、アークスシップ全艦をあげての第$(0)回アークスシップ対抗戦を終了とさせていただきます。皆々様の健闘に、心より感謝を申し上げます。"""
GmMsgF_007#0,"""ご報告：$(0)月$(1)日$(2)時$(3)分より第$(4)回アークスシップ対抗戦最終結果の発表をショップエリア、巨大モニター前にて行います。皆々様、お集まりくださいますよう、宜しくお願いいたします。"""
Ship01#1,"""Ship01:フェオ"""
Ship02#1,"""Ship02:ウル"""
Ship03#1,"""Ship03:ソーン"""
Ship04#1,"""Ship04:アンスール"""
Ship05#1,"""Ship05:ラグズ"""
Ship06#1,"""Ship06:ケン"""
Ship07#1,"""Ship07:ギョーフ"""
Ship08#1,"""Ship08:ウィン"""
Ship09#1,"""Ship09:ハガル"""
Ship10#1,"""Ship10:ナウシズ"""
SystemMesSegaID#0,"""ID の認証を行っています。"""
SystemMesSegaID_v#0,"""SEGA ID の認証を行っています。"""
SystemMesAtherID#0,"""ID の認証を行っています。"""
SystemMesLobbyWait#0,"""ロビーサーバーからの応答を待っています。"""
SystemMesServerWait#0,"""サーバーからの応答を待っています。"""
SystemMesGameDataWait#0,"""ゲーム情報を取得しています。"""
SystemMesCharaDataWait#0,"""キャラクター情報を取得しています。"""
SystemMesGameShut#0,"""サーバーとの接続を終了しました。"""
SystemMesServerShut#0,"""サーバーから接続の中断を要求されたためサーバーとの接続を終了しました。"""
SystemMesNetWorkShut#0,"""サーバーとの接続が切れました。ネットワーク機器の接続や設定を確認してください。"""
SystemMesBusy#0,"""通信中…"""
SystemGmAlertFormMessage#0,"""このメッセージの内容を了承する"""
SystemGmAlertFormMessageTitle#0,"""運営からの警告"""
SystemGmMessageFormMessageTitle#0,"""運営からのお知らせ"""
EmergencyStopMessage#0,"""現在、選択した機能に問題が発生しており<br>調査のため使用を制限しています。<br>詳しくはプレイヤーズサイトをご確認ください。"""
EmergencyStopMessageTitle#0,"""使用制限"""
EmergencyStopItemMessage#0,"""現在、選択したアイテムに問題が発生しており<br>調査のため取引を制限しています。<br>詳しくはプレイヤーズサイトをご確認ください。"""
EmergencyStopItemMessageTitle#0,"""特定アイテムの取引制限"""
Toast_StoryQuestAnnounce#0,"""ストーリークエストの「EPISODE1」から「シオンとの出会い」を受注してください。"""
RestrictionTitle#0,"""機能制限"""
RestrictionMessageInfo#0,"""この機能のご利用には、SEGA IDとの連携が必要です。<br><br>SEGA IDと連携すると<br>\u3000・他のプラットフォームでのゲームプレイ<br>\u3000・ワンタイムパスワードの利用<br>ほか、便利なサービスをご利用頂けます。<br><br>ログインメニューの「SEGA IDと連携する」から<br>SEGA IDの取得と連携ができます。"""
Term_Area#0,"""$(0)/$(1)"""
Term_Positon#0,"""($(0),$(1),$(2))"""
Term_Hp#0,"""$(0)/$(1)"""
Term_Pp#0,"""$(0)/$(1)"""
Term_ClassSub#0,"""$(0) Lv.$(2)/$(1) Lv. $(3)"""
Term_Class#0,"""$(0) Lv.$(1)"""
TEST#0,"""テストです。"""
TimeSaleMessage#0,"""現在、$(2)を実施中です！<br><br>$(0)<br><br>$(1)まで"""
AccessConfirm_Vita#0,"""Webページへ移動します。<br>ログアウトしてゲームを終了しますが<br>よろしいですか？"""
AccessConfirmTitle_Vita#0,"""ブラウザー起動確認"""
Yes#0,"""はい"""
No#0,"""いいえ"""
Decide#0,"""決定"""
Cancel#0,"""キャンセル"""
Next#0,"""次へ"""
Prev#0,"""前へ"""
Close#0,"""閉じる"""
Return#0,"""戻る"""
CloseHint#0,"""閉じる"""
HelpHint#0,"""ヘルプ"""
Level#0,"""Lv."""
Colon#0,""":"""
Slash#0,"""/"""
Hyphen#0,"""-"""
Asterisk#0,"""*"""
Plus#0,"""+"""
Greater#0,""">"""
Less#0,"""<"""
WaveDash#0,"""～"""
Cross#0,"""×"""
MultiSelecting#0,"""複数選択中…"""
MultiDrop#0,""" - ($(0))"""
DropText#0,"""$(0)"""
MultiDropText#0,"""$(1) - ($(0))"""
SubmenuType_StyleChange#0,"""表示形式変更"""
SubmenuType_Help#0,"""ヘルプ"""
Title#2,"""メッセージ"""
CaptureMessage#0,"""スクリーンショットを保存しました。"""
CaptureMessage2#0,"""スクリーンショットを保存しました。"""
CaptureMessage3#0,"""スクリーンショットを保存しました。"""
CaptureErrorMessage01#0,"""空き容量不足のため、スクリーンショットを保存できませんでした。"""
MovieStartMessage#0,"""動画撮影を開始しました。撮影中は権利表記が表示されます。"""
MovieEndMessage#0,"""動画撮影を終了しました。"""
MovieErrorMessage01#0,"""空き容量不足のため、動画を撮影できませんでした。"""
MovieErrorMessage02#0,"""空き容量不足のため、動画撮影を中断しました。"""
Bubble_Chatter1#0,"""・・・"""
Bubble_Chatter2#0,"""・・・"""
Bubble_Chatter3#0,"""・・・"""
Bubble_Chatter4#0,"""・・・"""
Bubble_Chatter5#0,"""・・・"""
Bubble_Chatter6#0,"""・・・"""
Bubble_Chatter7#0,"""・・・"""
Bubble_Chatter8#0,"""・・・"""
Bubble_Chatter9#0,"""・・・"""
Bubble_Chatter10#0,"""・・・"""
CheckTextOpen#0,"""以降、このウィンドウを開かない"""
ClosableMessageTitle#0,"""メッセージ"""
ClosableMessageButton#0,"""閉じる"""
PlayerIDName#0,"""プレイヤーIDネーム"""
PlayerID#0,"""プレイヤーID"""
CharaName#0,"""キャラクター名"""
LevelNum#0,"""Lv.$(0)"""
SubmenuType_Edit#0,"""カスタマイズ"""
SubmenuType_SearchMode#0,"""検索モード変更"""
BeginLookAtCamera#0,"""カメラ目線を開始します"""
EndLookAtCamera#0,"""カメラ目線を終了しました"""
NoName#0,"""なし"""
Percent#0,"""％"""
PercentNum#0,"""$(0)％"""
Guide_Common_01#0,"""決定：<%Decide>\u3000\u3000キャンセル：<%Cancel>"""
Guide_Common_02#0,"""決定：<%Decide>\u3000\u3000キャンセル：<%Cancel>\u3000\u3000操作ウィンドウ切り替え：<%ChangeCtrlWindowForward>"""
Guide_Common_03#0,"""決定：<%Decide>\u3000\u3000キャンセル：<%Cancel>\u3000\u3000操作項目の移動：<%NextWidget>"""
Guide_Common_04#0,"""決定：<%Decide>\u3000\u3000キャンセル：<%Cancel>\u3000\u3000操作項目の移動：<%NextWidget>\u3000\u3000操作ウィンドウ切り替え：<%ChangeCtrlWindowForward>"""
Guide_ItemPack_01#0,"""決定：<%Decide>\u3000\u3000キャンセル：<%Cancel>\u3000\u3000操作項目の移動：<%NextWidget>\u3000\u3000複数選択：<%MultiSelect>\u3000\u3000操作ウィンドウ切り替え：<%ChangeCtrlWindowForward>"""
Guide_Scratch_01#0,"""決定：<%Decide>\u3000\u3000キャンセル：<%Cancel>\u3000\u3000操作項目の移動：<%NextWidget>\u3000\u3000プレビュー表示のリセット：<%MultiSelect>"""
Substitute_Idle_0#0,"""標準"""
Substitute_Idle_1#0,"""シンプル"""
Substitute_Idle_2#0,"""シンプル2"""
Substitute_Idle_5#0,"""腰に手を当てる"""
Substitute_Idle_7#0,"""仁王立ち"""
Substitute_Idle_12#0,"""やれやれ"""
Substitute_Idle_19#0,"""構え"""
Substitute_Idle_32#0,"""エステ"""
Substitute_Idle_33#0,"""エステ2"""
Substitute_Idle_38#0,"""ラッピー"""
Substitute_Jump_0#0,"""標準"""
Substitute_Jump_1#0,"""シンプル"""
Substitute_Jump_2#0,"""シンプル2"""
Substitute_Jump_4#0,"""上体を反らす"""
Substitute_Jump_5#0,"""両手を広げる"""
Substitute_Landing_0#0,"""標準"""
Substitute_Landing_1#0,"""シンプル"""
Substitute_Landing_2#0,"""シンプル2"""
Substitute_Landing_4#0,"""両手で支える"""
Substitute_Landing_5#0,"""ふんわり"""
Substitute_Move_0#0,"""標準"""
Substitute_Move_1#0,"""シンプル"""
Substitute_Move_2#0,"""シンプル2"""
Substitute_Move_3#0,"""ホバー"""
Substitute_Move_8#0,"""両手を広げる"""
Substitute_Move_11#0,"""ホバー2"""
Substitute_Sprint_0#0,"""標準"""
Substitute_Sprint_1#0,"""シンプル"""
Substitute_Sprint_2#0,"""シンプル2"""
Substitute_Sprint_3#0,"""ホバー"""
Substitute_Sprint_7#0,"""ホバー2"""
Substitute_Sprint_13#0,"""フェアリー"""
Substitute_Sprint_14#0,"""ホバーダッシュ:2"""
Substitute_Glide_0#0,"""標準"""
Substitute_Glide_16#0,"""ダイブ"""
Substitute_Glide_22#0,"""ラッピー"""
Substitute_Swim_0#0,"""標準"""
Substitute_Swim_2#0,"""クロール"""
Substitute_Swim_3#0,"""潜水"""
